Landroid/ranging/CapabilitiesListener$$ExternalSyntheticLambda0;->run()V,core-platform-api,public-api,sdk,system-api,test-api
Landroid/ranging/DataNotificationConfig$1;->createFromParcel(Landroid/os/Parcel;)Ljava/lang/Object;,public-api,sdk,system-api,test-api
Landroid/ranging/DataNotificationConfig$1;->newArray(I)[Ljava/lang/Object;,public-api,sdk,system-api,test-api
Landroid/ranging/DataNotificationConfig$Builder;-><init>()V,public-api,sdk,system-api,test-api
Landroid/ranging/DataNotificationConfig$Builder;->build()Landroid/ranging/DataNotificationConfig;,public-api,sdk,system-api,test-api
Landroid/ranging/DataNotificationConfig$Builder;->setNotificationConfigType(I)Landroid/ranging/DataNotificationConfig$Builder;,public-api,sdk,system-api,test-api
Landroid/ranging/DataNotificationConfig$Builder;->setProximityFarCm(I)Landroid/ranging/DataNotificationConfig$Builder;,public-api,sdk,system-api,test-api
Landroid/ranging/DataNotificationConfig$Builder;->setProximityNearCm(I)Landroid/ranging/DataNotificationConfig$Builder;,public-api,sdk,system-api,test-api
Landroid/ranging/DataNotificationConfig;->CREATOR:Landroid/os/Parcelable$Creator;,public-api,sdk,system-api,test-api
Landroid/ranging/DataNotificationConfig;->NOTIFICATION_CONFIG_DISABLE:I,public-api,sdk,system-api,test-api
Landroid/ranging/DataNotificationConfig;->NOTIFICATION_CONFIG_ENABLE:I,public-api,sdk,system-api,test-api
Landroid/ranging/DataNotificationConfig;->NOTIFICATION_CONFIG_PROXIMITY_EDGE:I,public-api,sdk,system-api,test-api
Landroid/ranging/DataNotificationConfig;->NOTIFICATION_CONFIG_PROXIMITY_LEVEL:I,public-api,sdk,system-api,test-api
Landroid/ranging/DataNotificationConfig;->describeContents()I,public-api,sdk,system-api,test-api
Landroid/ranging/DataNotificationConfig;->equals(Ljava/lang/Object;)Z,core-platform-api,public-api,sdk,system-api,test-api
Landroid/ranging/DataNotificationConfig;->getNotificationConfigType()I,public-api,sdk,system-api,test-api
Landroid/ranging/DataNotificationConfig;->getProximityFarCm()I,public-api,sdk,system-api,test-api
Landroid/ranging/DataNotificationConfig;->getProximityNearCm()I,public-api,sdk,system-api,test-api
Landroid/ranging/DataNotificationConfig;->hashCode()I,core-platform-api,public-api,sdk,system-api,test-api
Landroid/ranging/DataNotificationConfig;->toString()Ljava/lang/String;,core-platform-api,public-api,sdk,system-api,test-api
Landroid/ranging/DataNotificationConfig;->writeToParcel(Landroid/os/Parcel;I)V,public-api,sdk,system-api,test-api
Landroid/ranging/IRangingAdapter$Default;->asBinder()Landroid/os/IBinder;,public-api,sdk,system-api,test-api
Landroid/ranging/IRangingAdapter$Stub$Proxy;->asBinder()Landroid/os/IBinder;,public-api,sdk,system-api,test-api
Landroid/ranging/IRangingAdapter$Stub;->asBinder()Landroid/os/IBinder;,public-api,sdk,system-api,test-api
Landroid/ranging/IRangingAdapter$Stub;->onTransact(ILandroid/os/Parcel;Landroid/os/Parcel;I)Z,public-api,sdk,system-api,test-api
Landroid/ranging/IRangingCallbacks$Default;->asBinder()Landroid/os/IBinder;,public-api,sdk,system-api,test-api
Landroid/ranging/IRangingCallbacks$Stub$Proxy;->asBinder()Landroid/os/IBinder;,public-api,sdk,system-api,test-api
Landroid/ranging/IRangingCallbacks$Stub;->asBinder()Landroid/os/IBinder;,public-api,sdk,system-api,test-api
Landroid/ranging/IRangingCallbacks$Stub;->onTransact(ILandroid/os/Parcel;Landroid/os/Parcel;I)Z,public-api,sdk,system-api,test-api
Landroid/ranging/IRangingCapabilitiesCallback$Default;->asBinder()Landroid/os/IBinder;,public-api,sdk,system-api,test-api
Landroid/ranging/IRangingCapabilitiesCallback$Stub$Proxy;->asBinder()Landroid/os/IBinder;,public-api,sdk,system-api,test-api
Landroid/ranging/IRangingCapabilitiesCallback$Stub;->asBinder()Landroid/os/IBinder;,public-api,sdk,system-api,test-api
Landroid/ranging/IRangingCapabilitiesCallback$Stub;->onTransact(ILandroid/os/Parcel;Landroid/os/Parcel;I)Z,public-api,sdk,system-api,test-api
Landroid/ranging/RangingCapabilities$1;->createFromParcel(Landroid/os/Parcel;)Ljava/lang/Object;,public-api,sdk,system-api,test-api
Landroid/ranging/RangingCapabilities$1;->newArray(I)[Ljava/lang/Object;,public-api,sdk,system-api,test-api
Landroid/ranging/RangingCapabilities;->CREATOR:Landroid/os/Parcelable$Creator;,public-api,sdk,system-api,test-api
Landroid/ranging/RangingCapabilities;->DISABLED_REGULATORY:I,public-api,sdk,system-api,test-api
Landroid/ranging/RangingCapabilities;->DISABLED_USER:I,public-api,sdk,system-api,test-api
Landroid/ranging/RangingCapabilities;->DISABLED_USER_RESTRICTIONS:I,public-api,sdk,system-api,test-api
Landroid/ranging/RangingCapabilities;->ENABLED:I,public-api,sdk,system-api,test-api
Landroid/ranging/RangingCapabilities;->NOT_SUPPORTED:I,public-api,sdk,system-api,test-api
Landroid/ranging/RangingCapabilities;->describeContents()I,public-api,sdk,system-api,test-api
Landroid/ranging/RangingCapabilities;->getCsCapabilities()Landroid/ranging/ble/cs/BleCsRangingCapabilities;,public-api,sdk,system-api,test-api
Landroid/ranging/RangingCapabilities;->getRttRangingCapabilities()Landroid/ranging/wifi/rtt/RttRangingCapabilities;,public-api,sdk,system-api,test-api
Landroid/ranging/RangingCapabilities;->getTechnologyAvailability()Ljava/util/Map;,public-api,sdk,system-api,test-api
Landroid/ranging/RangingCapabilities;->getUwbCapabilities()Landroid/ranging/uwb/UwbRangingCapabilities;,public-api,sdk,system-api,test-api
Landroid/ranging/RangingCapabilities;->toString()Ljava/lang/String;,core-platform-api,public-api,sdk,system-api,test-api
Landroid/ranging/RangingCapabilities;->writeToParcel(Landroid/os/Parcel;I)V,public-api,sdk,system-api,test-api
Landroid/ranging/RangingConfig;-><init>()V,public-api,sdk,system-api,test-api
Landroid/ranging/RangingConfig;->RANGING_SESSION_OOB:I,public-api,sdk,system-api,test-api
Landroid/ranging/RangingConfig;->RANGING_SESSION_RAW:I,public-api,sdk,system-api,test-api
Landroid/ranging/RangingConfig;->getRangingSessionType()I,public-api,sdk,system-api,test-api
Landroid/ranging/RangingConfig;->toString()Ljava/lang/String;,core-platform-api,public-api,sdk,system-api,test-api
Landroid/ranging/RangingData$1;->createFromParcel(Landroid/os/Parcel;)Ljava/lang/Object;,public-api,sdk,system-api,test-api
Landroid/ranging/RangingData$1;->newArray(I)[Ljava/lang/Object;,public-api,sdk,system-api,test-api
Landroid/ranging/RangingData;->CREATOR:Landroid/os/Parcelable$Creator;,public-api,sdk,system-api,test-api
Landroid/ranging/RangingData;->describeContents()I,public-api,sdk,system-api,test-api
Landroid/ranging/RangingData;->getAzimuth()Landroid/ranging/RangingMeasurement;,public-api,sdk,system-api,test-api
Landroid/ranging/RangingData;->getDistance()Landroid/ranging/RangingMeasurement;,public-api,sdk,system-api,test-api
Landroid/ranging/RangingData;->getElevation()Landroid/ranging/RangingMeasurement;,public-api,sdk,system-api,test-api
Landroid/ranging/RangingData;->getRangingTechnology()I,public-api,sdk,system-api,test-api
Landroid/ranging/RangingData;->getRssi()I,public-api,sdk,system-api,test-api
Landroid/ranging/RangingData;->getTimestampMillis()J,public-api,sdk,system-api,test-api
Landroid/ranging/RangingData;->hasRssi()Z,public-api,sdk,system-api,test-api
Landroid/ranging/RangingData;->writeToParcel(Landroid/os/Parcel;I)V,public-api,sdk,system-api,test-api
Landroid/ranging/RangingDevice$1;->createFromParcel(Landroid/os/Parcel;)Ljava/lang/Object;,public-api,sdk,system-api,test-api
Landroid/ranging/RangingDevice$1;->newArray(I)[Ljava/lang/Object;,public-api,sdk,system-api,test-api
Landroid/ranging/RangingDevice$Builder;-><init>()V,public-api,sdk,system-api,test-api
Landroid/ranging/RangingDevice$Builder;->build()Landroid/ranging/RangingDevice;,public-api,sdk,system-api,test-api
Landroid/ranging/RangingDevice$Builder;->setUuid(Ljava/util/UUID;)Landroid/ranging/RangingDevice$Builder;,public-api,sdk,system-api,test-api
Landroid/ranging/RangingDevice;->CREATOR:Landroid/os/Parcelable$Creator;,public-api,sdk,system-api,test-api
Landroid/ranging/RangingDevice;->describeContents()I,public-api,sdk,system-api,test-api
Landroid/ranging/RangingDevice;->equals(Ljava/lang/Object;)Z,core-platform-api,public-api,sdk,system-api,test-api
Landroid/ranging/RangingDevice;->getUuid()Ljava/util/UUID;,public-api,sdk,system-api,test-api
Landroid/ranging/RangingDevice;->hashCode()I,core-platform-api,public-api,sdk,system-api,test-api
Landroid/ranging/RangingDevice;->toString()Ljava/lang/String;,core-platform-api,public-api,sdk,system-api,test-api
Landroid/ranging/RangingDevice;->writeToParcel(Landroid/os/Parcel;I)V,public-api,sdk,system-api,test-api
Landroid/ranging/RangingFrameworkInitializer$$ExternalSyntheticLambda0;->createService(Landroid/content/Context;Landroid/os/IBinder;)Ljava/lang/Object;,sdk,system-api,test-api
Landroid/ranging/RangingManager$RangingCapabilitiesCallback;->onRangingCapabilities(Landroid/ranging/RangingCapabilities;)V,public-api,sdk,system-api,test-api
Landroid/ranging/RangingManager;->BLE_CS:I,public-api,sdk,system-api,test-api
Landroid/ranging/RangingManager;->BLE_RSSI:I,public-api,sdk,system-api,test-api
Landroid/ranging/RangingManager;->UWB:I,public-api,sdk,system-api,test-api
Landroid/ranging/RangingManager;->WIFI_NAN_RTT:I,public-api,sdk,system-api,test-api
Landroid/ranging/RangingManager;->createRangingSession(Ljava/util/concurrent/Executor;Landroid/ranging/RangingSession$Callback;)Landroid/ranging/RangingSession;,public-api,sdk,system-api,test-api
Landroid/ranging/RangingManager;->registerCapabilitiesCallback(Ljava/util/concurrent/Executor;Landroid/ranging/RangingManager$RangingCapabilitiesCallback;)V,public-api,sdk,system-api,test-api
Landroid/ranging/RangingManager;->unregisterCapabilitiesCallback(Landroid/ranging/RangingManager$RangingCapabilitiesCallback;)V,public-api,sdk,system-api,test-api
Landroid/ranging/RangingMeasurement$1;->createFromParcel(Landroid/os/Parcel;)Ljava/lang/Object;,public-api,sdk,system-api,test-api
Landroid/ranging/RangingMeasurement$1;->newArray(I)[Ljava/lang/Object;,public-api,sdk,system-api,test-api
Landroid/ranging/RangingMeasurement;->CONFIDENCE_HIGH:I,public-api,sdk,system-api,test-api
Landroid/ranging/RangingMeasurement;->CONFIDENCE_LOW:I,public-api,sdk,system-api,test-api
Landroid/ranging/RangingMeasurement;->CONFIDENCE_MEDIUM:I,public-api,sdk,system-api,test-api
Landroid/ranging/RangingMeasurement;->CREATOR:Landroid/os/Parcelable$Creator;,public-api,sdk,system-api,test-api
Landroid/ranging/RangingMeasurement;->describeContents()I,public-api,sdk,system-api,test-api
Landroid/ranging/RangingMeasurement;->getConfidence()I,public-api,sdk,system-api,test-api
Landroid/ranging/RangingMeasurement;->getMeasurement()D,public-api,sdk,system-api,test-api
Landroid/ranging/RangingMeasurement;->toString()Ljava/lang/String;,core-platform-api,public-api,sdk,system-api,test-api
Landroid/ranging/RangingMeasurement;->writeToParcel(Landroid/os/Parcel;I)V,public-api,sdk,system-api,test-api
Landroid/ranging/RangingPreference$1;->createFromParcel(Landroid/os/Parcel;)Ljava/lang/Object;,public-api,sdk,system-api,test-api
Landroid/ranging/RangingPreference$1;->newArray(I)[Ljava/lang/Object;,public-api,sdk,system-api,test-api
Landroid/ranging/RangingPreference$Builder;-><init>(ILandroid/ranging/RangingConfig;)V,public-api,sdk,system-api,test-api
Landroid/ranging/RangingPreference$Builder;->build()Landroid/ranging/RangingPreference;,public-api,sdk,system-api,test-api
Landroid/ranging/RangingPreference$Builder;->setSessionConfig(Landroid/ranging/SessionConfig;)Landroid/ranging/RangingPreference$Builder;,public-api,sdk,system-api,test-api
Landroid/ranging/RangingPreference;->CREATOR:Landroid/os/Parcelable$Creator;,public-api,sdk,system-api,test-api
Landroid/ranging/RangingPreference;->DEVICE_ROLE_INITIATOR:I,public-api,sdk,system-api,test-api
Landroid/ranging/RangingPreference;->DEVICE_ROLE_RESPONDER:I,public-api,sdk,system-api,test-api
Landroid/ranging/RangingPreference;->describeContents()I,public-api,sdk,system-api,test-api
Landroid/ranging/RangingPreference;->getDeviceRole()I,public-api,sdk,system-api,test-api
Landroid/ranging/RangingPreference;->getRangingParams()Landroid/ranging/RangingConfig;,public-api,sdk,system-api,test-api
Landroid/ranging/RangingPreference;->getSessionConfig()Landroid/ranging/SessionConfig;,public-api,sdk,system-api,test-api
Landroid/ranging/RangingPreference;->toString()Ljava/lang/String;,core-platform-api,public-api,sdk,system-api,test-api
Landroid/ranging/RangingPreference;->writeToParcel(Landroid/os/Parcel;I)V,public-api,sdk,system-api,test-api
Landroid/ranging/RangingSession$$ExternalSyntheticLambda0;->run()V,core-platform-api,public-api,sdk,system-api,test-api
Landroid/ranging/RangingSession$$ExternalSyntheticLambda1;->run()V,core-platform-api,public-api,sdk,system-api,test-api
Landroid/ranging/RangingSession$$ExternalSyntheticLambda2;->onCancel()V,public-api,sdk,system-api,test-api
Landroid/ranging/RangingSession$$ExternalSyntheticLambda3;->run()V,core-platform-api,public-api,sdk,system-api,test-api
Landroid/ranging/RangingSession$$ExternalSyntheticLambda4;->run()V,core-platform-api,public-api,sdk,system-api,test-api
Landroid/ranging/RangingSession$$ExternalSyntheticLambda5;->run()V,core-platform-api,public-api,sdk,system-api,test-api
Landroid/ranging/RangingSession$$ExternalSyntheticLambda6;->run()V,core-platform-api,public-api,sdk,system-api,test-api
Landroid/ranging/RangingSession$Callback;->REASON_LOCAL_REQUEST:I,public-api,sdk,system-api,test-api
Landroid/ranging/RangingSession$Callback;->REASON_NO_PEERS_FOUND:I,public-api,sdk,system-api,test-api
Landroid/ranging/RangingSession$Callback;->REASON_REMOTE_REQUEST:I,public-api,sdk,system-api,test-api
Landroid/ranging/RangingSession$Callback;->REASON_SYSTEM_POLICY:I,public-api,sdk,system-api,test-api
Landroid/ranging/RangingSession$Callback;->REASON_UNKNOWN:I,public-api,sdk,system-api,test-api
Landroid/ranging/RangingSession$Callback;->REASON_UNSUPPORTED:I,public-api,sdk,system-api,test-api
Landroid/ranging/RangingSession$Callback;->onClosed(I)V,public-api,sdk,system-api,test-api
Landroid/ranging/RangingSession$Callback;->onOpenFailed(I)V,public-api,sdk,system-api,test-api
Landroid/ranging/RangingSession$Callback;->onOpened()V,public-api,sdk,system-api,test-api
Landroid/ranging/RangingSession$Callback;->onResults(Landroid/ranging/RangingDevice;Landroid/ranging/RangingData;)V,public-api,sdk,system-api,test-api
Landroid/ranging/RangingSession$Callback;->onStarted(Landroid/ranging/RangingDevice;I)V,public-api,sdk,system-api,test-api
Landroid/ranging/RangingSession$Callback;->onStopped(Landroid/ranging/RangingDevice;I)V,public-api,sdk,system-api,test-api
Landroid/ranging/RangingSession$TransportHandleReceiveCallback;->onClose()V,public-api,sdk,system-api,test-api
Landroid/ranging/RangingSession$TransportHandleReceiveCallback;->onDisconnect()V,public-api,sdk,system-api,test-api
Landroid/ranging/RangingSession$TransportHandleReceiveCallback;->onReceiveData([B)V,public-api,sdk,system-api,test-api
Landroid/ranging/RangingSession$TransportHandleReceiveCallback;->onReconnect()V,public-api,sdk,system-api,test-api
Landroid/ranging/RangingSession$TransportHandleReceiveCallback;->onSendFailed()V,public-api,sdk,system-api,test-api
Landroid/ranging/RangingSession;->addDeviceToRangingSession(Landroid/ranging/RangingConfig;)V,public-api,sdk,system-api,test-api
Landroid/ranging/RangingSession;->close()V,core-platform-api,public-api,sdk,system-api,test-api
Landroid/ranging/RangingSession;->reconfigureRangingInterval(I)V,public-api,sdk,system-api,test-api
Landroid/ranging/RangingSession;->removeDeviceFromRangingSession(Landroid/ranging/RangingDevice;)V,public-api,sdk,system-api,test-api
Landroid/ranging/RangingSession;->start(Landroid/ranging/RangingPreference;)Landroid/os/CancellationSignal;,public-api,sdk,system-api,test-api
Landroid/ranging/RangingSession;->stop()V,public-api,sdk,system-api,test-api
Landroid/ranging/RangingSession;->toString()Ljava/lang/String;,core-platform-api,public-api,sdk,system-api,test-api
Landroid/ranging/SensorFusionParams$1;->createFromParcel(Landroid/os/Parcel;)Ljava/lang/Object;,public-api,sdk,system-api,test-api
Landroid/ranging/SensorFusionParams$1;->newArray(I)[Ljava/lang/Object;,public-api,sdk,system-api,test-api
Landroid/ranging/SensorFusionParams$Builder;-><init>()V,public-api,sdk,system-api,test-api
Landroid/ranging/SensorFusionParams$Builder;->build()Landroid/ranging/SensorFusionParams;,public-api,sdk,system-api,test-api
Landroid/ranging/SensorFusionParams$Builder;->setSensorFusionEnabled(Z)Landroid/ranging/SensorFusionParams$Builder;,public-api,sdk,system-api,test-api
Landroid/ranging/SensorFusionParams;->CREATOR:Landroid/os/Parcelable$Creator;,public-api,sdk,system-api,test-api
Landroid/ranging/SensorFusionParams;->describeContents()I,public-api,sdk,system-api,test-api
Landroid/ranging/SensorFusionParams;->equals(Ljava/lang/Object;)Z,core-platform-api,public-api,sdk,system-api,test-api
Landroid/ranging/SensorFusionParams;->hashCode()I,core-platform-api,public-api,sdk,system-api,test-api
Landroid/ranging/SensorFusionParams;->isSensorFusionEnabled()Z,public-api,sdk,system-api,test-api
Landroid/ranging/SensorFusionParams;->toString()Ljava/lang/String;,core-platform-api,public-api,sdk,system-api,test-api
Landroid/ranging/SensorFusionParams;->writeToParcel(Landroid/os/Parcel;I)V,public-api,sdk,system-api,test-api
Landroid/ranging/SessionConfig$1;->createFromParcel(Landroid/os/Parcel;)Ljava/lang/Object;,public-api,sdk,system-api,test-api
Landroid/ranging/SessionConfig$1;->newArray(I)[Ljava/lang/Object;,public-api,sdk,system-api,test-api
Landroid/ranging/SessionConfig$Builder;-><init>()V,public-api,sdk,system-api,test-api
Landroid/ranging/SessionConfig$Builder;->build()Landroid/ranging/SessionConfig;,public-api,sdk,system-api,test-api
Landroid/ranging/SessionConfig$Builder;->setAngleOfArrivalNeeded(Z)Landroid/ranging/SessionConfig$Builder;,public-api,sdk,system-api,test-api
Landroid/ranging/SessionConfig$Builder;->setDataNotificationConfig(Landroid/ranging/DataNotificationConfig;)Landroid/ranging/SessionConfig$Builder;,public-api,sdk,system-api,test-api
Landroid/ranging/SessionConfig$Builder;->setRangingMeasurementsLimit(I)Landroid/ranging/SessionConfig$Builder;,public-api,sdk,system-api,test-api
Landroid/ranging/SessionConfig$Builder;->setSensorFusionParams(Landroid/ranging/SensorFusionParams;)Landroid/ranging/SessionConfig$Builder;,public-api,sdk,system-api,test-api
Landroid/ranging/SessionConfig;->CREATOR:Landroid/os/Parcelable$Creator;,public-api,sdk,system-api,test-api
Landroid/ranging/SessionConfig;->describeContents()I,public-api,sdk,system-api,test-api
Landroid/ranging/SessionConfig;->equals(Ljava/lang/Object;)Z,core-platform-api,public-api,sdk,system-api,test-api
Landroid/ranging/SessionConfig;->getDataNotificationConfig()Landroid/ranging/DataNotificationConfig;,public-api,sdk,system-api,test-api
Landroid/ranging/SessionConfig;->getRangingMeasurementsLimit()I,public-api,sdk,system-api,test-api
Landroid/ranging/SessionConfig;->getSensorFusionParams()Landroid/ranging/SensorFusionParams;,public-api,sdk,system-api,test-api
Landroid/ranging/SessionConfig;->hashCode()I,core-platform-api,public-api,sdk,system-api,test-api
Landroid/ranging/SessionConfig;->isAngleOfArrivalNeeded()Z,public-api,sdk,system-api,test-api
Landroid/ranging/SessionConfig;->toString()Ljava/lang/String;,core-platform-api,public-api,sdk,system-api,test-api
Landroid/ranging/SessionConfig;->writeToParcel(Landroid/os/Parcel;I)V,public-api,sdk,system-api,test-api
Landroid/ranging/SessionHandle$1;->createFromParcel(Landroid/os/Parcel;)Ljava/lang/Object;,public-api,sdk,system-api,test-api
Landroid/ranging/SessionHandle$1;->newArray(I)[Ljava/lang/Object;,public-api,sdk,system-api,test-api
Landroid/ranging/SessionHandle;->describeContents()I,public-api,sdk,system-api,test-api
Landroid/ranging/SessionHandle;->equals(Ljava/lang/Object;)Z,core-platform-api,public-api,sdk,system-api,test-api
Landroid/ranging/SessionHandle;->hashCode()I,core-platform-api,public-api,sdk,system-api,test-api
Landroid/ranging/SessionHandle;->toString()Ljava/lang/String;,core-platform-api,public-api,sdk,system-api,test-api
Landroid/ranging/SessionHandle;->writeToParcel(Landroid/os/Parcel;I)V,public-api,sdk,system-api,test-api
Landroid/ranging/ble/cs/BleCsRangingCapabilities$1;->createFromParcel(Landroid/os/Parcel;)Ljava/lang/Object;,public-api,sdk,system-api,test-api
Landroid/ranging/ble/cs/BleCsRangingCapabilities$1;->newArray(I)[Ljava/lang/Object;,public-api,sdk,system-api,test-api
Landroid/ranging/ble/cs/BleCsRangingCapabilities;->CREATOR:Landroid/os/Parcelable$Creator;,public-api,sdk,system-api,test-api
Landroid/ranging/ble/cs/BleCsRangingCapabilities;->CS_SECURITY_LEVEL_FOUR:I,public-api,sdk,system-api,test-api
Landroid/ranging/ble/cs/BleCsRangingCapabilities;->CS_SECURITY_LEVEL_ONE:I,public-api,sdk,system-api,test-api
Landroid/ranging/ble/cs/BleCsRangingCapabilities;->describeContents()I,public-api,sdk,system-api,test-api
Landroid/ranging/ble/cs/BleCsRangingCapabilities;->getSupportedSecurityLevels()Ljava/util/Set;,public-api,sdk,system-api,test-api
Landroid/ranging/ble/cs/BleCsRangingCapabilities;->toString()Ljava/lang/String;,core-platform-api,public-api,sdk,system-api,test-api
Landroid/ranging/ble/cs/BleCsRangingCapabilities;->writeToParcel(Landroid/os/Parcel;I)V,public-api,sdk,system-api,test-api
Landroid/ranging/ble/cs/BleCsRangingParams$1;->createFromParcel(Landroid/os/Parcel;)Ljava/lang/Object;,public-api,sdk,system-api,test-api
Landroid/ranging/ble/cs/BleCsRangingParams$1;->newArray(I)[Ljava/lang/Object;,public-api,sdk,system-api,test-api
Landroid/ranging/ble/cs/BleCsRangingParams$Builder;-><init>(Ljava/lang/String;)V,public-api,sdk,system-api,test-api
Landroid/ranging/ble/cs/BleCsRangingParams$Builder;->build()Landroid/ranging/ble/cs/BleCsRangingParams;,public-api,sdk,system-api,test-api
Landroid/ranging/ble/cs/BleCsRangingParams$Builder;->setLocationType(I)Landroid/ranging/ble/cs/BleCsRangingParams$Builder;,public-api,sdk,system-api,test-api
Landroid/ranging/ble/cs/BleCsRangingParams$Builder;->setRangingUpdateRate(I)Landroid/ranging/ble/cs/BleCsRangingParams$Builder;,public-api,sdk,system-api,test-api
Landroid/ranging/ble/cs/BleCsRangingParams$Builder;->setSecurityLevel(I)Landroid/ranging/ble/cs/BleCsRangingParams$Builder;,public-api,sdk,system-api,test-api
Landroid/ranging/ble/cs/BleCsRangingParams$Builder;->setSightType(I)Landroid/ranging/ble/cs/BleCsRangingParams$Builder;,public-api,sdk,system-api,test-api
Landroid/ranging/ble/cs/BleCsRangingParams;->CREATOR:Landroid/os/Parcelable$Creator;,public-api,sdk,system-api,test-api
Landroid/ranging/ble/cs/BleCsRangingParams;->LOCATION_TYPE_INDOOR:I,public-api,sdk,system-api,test-api
Landroid/ranging/ble/cs/BleCsRangingParams;->LOCATION_TYPE_OUTDOOR:I,public-api,sdk,system-api,test-api
Landroid/ranging/ble/cs/BleCsRangingParams;->LOCATION_TYPE_UNKNOWN:I,public-api,sdk,system-api,test-api
Landroid/ranging/ble/cs/BleCsRangingParams;->SIGHT_TYPE_LINE_OF_SIGHT:I,public-api,sdk,system-api,test-api
Landroid/ranging/ble/cs/BleCsRangingParams;->SIGHT_TYPE_NON_LINE_OF_SIGHT:I,public-api,sdk,system-api,test-api
Landroid/ranging/ble/cs/BleCsRangingParams;->SIGHT_TYPE_UNKNOWN:I,public-api,sdk,system-api,test-api
Landroid/ranging/ble/cs/BleCsRangingParams;->describeContents()I,public-api,sdk,system-api,test-api
Landroid/ranging/ble/cs/BleCsRangingParams;->equals(Ljava/lang/Object;)Z,core-platform-api,public-api,sdk,system-api,test-api
Landroid/ranging/ble/cs/BleCsRangingParams;->getLocationType()I,public-api,sdk,system-api,test-api
Landroid/ranging/ble/cs/BleCsRangingParams;->getPeerBluetoothAddress()Ljava/lang/String;,public-api,sdk,system-api,test-api
Landroid/ranging/ble/cs/BleCsRangingParams;->getRangingUpdateRate()I,public-api,sdk,system-api,test-api
Landroid/ranging/ble/cs/BleCsRangingParams;->getSecurityLevel()I,public-api,sdk,system-api,test-api
Landroid/ranging/ble/cs/BleCsRangingParams;->getSightType()I,public-api,sdk,system-api,test-api
Landroid/ranging/ble/cs/BleCsRangingParams;->hashCode()I,core-platform-api,public-api,sdk,system-api,test-api
Landroid/ranging/ble/cs/BleCsRangingParams;->writeToParcel(Landroid/os/Parcel;I)V,public-api,sdk,system-api,test-api
Landroid/ranging/ble/rssi/BleRssiRangingCapabilities$1;->createFromParcel(Landroid/os/Parcel;)Ljava/lang/Object;,public-api,sdk,system-api,test-api
Landroid/ranging/ble/rssi/BleRssiRangingCapabilities$1;->newArray(I)[Ljava/lang/Object;,public-api,sdk,system-api,test-api
Landroid/ranging/ble/rssi/BleRssiRangingCapabilities;->describeContents()I,public-api,sdk,system-api,test-api
Landroid/ranging/ble/rssi/BleRssiRangingCapabilities;->toString()Ljava/lang/String;,core-platform-api,public-api,sdk,system-api,test-api
Landroid/ranging/ble/rssi/BleRssiRangingCapabilities;->writeToParcel(Landroid/os/Parcel;I)V,public-api,sdk,system-api,test-api
Landroid/ranging/ble/rssi/BleRssiRangingParams$1;->createFromParcel(Landroid/os/Parcel;)Ljava/lang/Object;,public-api,sdk,system-api,test-api
Landroid/ranging/ble/rssi/BleRssiRangingParams$1;->newArray(I)[Ljava/lang/Object;,public-api,sdk,system-api,test-api
Landroid/ranging/ble/rssi/BleRssiRangingParams$Builder;-><init>(Ljava/lang/String;)V,public-api,sdk,system-api,test-api
Landroid/ranging/ble/rssi/BleRssiRangingParams$Builder;->build()Landroid/ranging/ble/rssi/BleRssiRangingParams;,public-api,sdk,system-api,test-api
Landroid/ranging/ble/rssi/BleRssiRangingParams$Builder;->setRangingUpdateRate(I)Landroid/ranging/ble/rssi/BleRssiRangingParams$Builder;,public-api,sdk,system-api,test-api
Landroid/ranging/ble/rssi/BleRssiRangingParams;->CREATOR:Landroid/os/Parcelable$Creator;,public-api,sdk,system-api,test-api
Landroid/ranging/ble/rssi/BleRssiRangingParams;->describeContents()I,public-api,sdk,system-api,test-api
Landroid/ranging/ble/rssi/BleRssiRangingParams;->equals(Ljava/lang/Object;)Z,core-platform-api,public-api,sdk,system-api,test-api
Landroid/ranging/ble/rssi/BleRssiRangingParams;->getPeerBluetoothAddress()Ljava/lang/String;,public-api,sdk,system-api,test-api
Landroid/ranging/ble/rssi/BleRssiRangingParams;->getRangingUpdateRate()I,public-api,sdk,system-api,test-api
Landroid/ranging/ble/rssi/BleRssiRangingParams;->hashCode()I,core-platform-api,public-api,sdk,system-api,test-api
Landroid/ranging/ble/rssi/BleRssiRangingParams;->writeToParcel(Landroid/os/Parcel;I)V,public-api,sdk,system-api,test-api
Landroid/ranging/oob/DeviceHandle$1;->createFromParcel(Landroid/os/Parcel;)Ljava/lang/Object;,public-api,sdk,system-api,test-api
Landroid/ranging/oob/DeviceHandle$1;->newArray(I)[Ljava/lang/Object;,public-api,sdk,system-api,test-api
Landroid/ranging/oob/DeviceHandle$Builder;-><init>(Landroid/ranging/RangingDevice;Landroid/ranging/oob/TransportHandle;)V,public-api,sdk,system-api,test-api
Landroid/ranging/oob/DeviceHandle$Builder;->build()Landroid/ranging/oob/DeviceHandle;,public-api,sdk,system-api,test-api
Landroid/ranging/oob/DeviceHandle;->CREATOR:Landroid/os/Parcelable$Creator;,public-api,sdk,system-api,test-api
Landroid/ranging/oob/DeviceHandle;->describeContents()I,public-api,sdk,system-api,test-api
Landroid/ranging/oob/DeviceHandle;->getRangingDevice()Landroid/ranging/RangingDevice;,public-api,sdk,system-api,test-api
Landroid/ranging/oob/DeviceHandle;->getTransportHandle()Landroid/ranging/oob/TransportHandle;,public-api,sdk,system-api,test-api
Landroid/ranging/oob/DeviceHandle;->toString()Ljava/lang/String;,core-platform-api,public-api,sdk,system-api,test-api
Landroid/ranging/oob/DeviceHandle;->writeToParcel(Landroid/os/Parcel;I)V,public-api,sdk,system-api,test-api
Landroid/ranging/oob/IOobSendDataListener$Default;->asBinder()Landroid/os/IBinder;,public-api,sdk,system-api,test-api
Landroid/ranging/oob/IOobSendDataListener$Stub$Proxy;->asBinder()Landroid/os/IBinder;,public-api,sdk,system-api,test-api
Landroid/ranging/oob/IOobSendDataListener$Stub;->asBinder()Landroid/os/IBinder;,public-api,sdk,system-api,test-api
Landroid/ranging/oob/IOobSendDataListener$Stub;->onTransact(ILandroid/os/Parcel;Landroid/os/Parcel;I)Z,public-api,sdk,system-api,test-api
Landroid/ranging/oob/OobHandle$1;->createFromParcel(Landroid/os/Parcel;)Ljava/lang/Object;,public-api,sdk,system-api,test-api
Landroid/ranging/oob/OobHandle$1;->newArray(I)[Ljava/lang/Object;,public-api,sdk,system-api,test-api
Landroid/ranging/oob/OobHandle;->describeContents()I,public-api,sdk,system-api,test-api
Landroid/ranging/oob/OobHandle;->equals(Ljava/lang/Object;)Z,core-platform-api,public-api,sdk,system-api,test-api
Landroid/ranging/oob/OobHandle;->hashCode()I,core-platform-api,public-api,sdk,system-api,test-api
Landroid/ranging/oob/OobHandle;->toString()Ljava/lang/String;,core-platform-api,public-api,sdk,system-api,test-api
Landroid/ranging/oob/OobHandle;->writeToParcel(Landroid/os/Parcel;I)V,public-api,sdk,system-api,test-api
Landroid/ranging/oob/OobInitiatorRangingConfig$1;->createFromParcel(Landroid/os/Parcel;)Ljava/lang/Object;,public-api,sdk,system-api,test-api
Landroid/ranging/oob/OobInitiatorRangingConfig$1;->newArray(I)[Ljava/lang/Object;,public-api,sdk,system-api,test-api
Landroid/ranging/oob/OobInitiatorRangingConfig$Builder;-><init>()V,public-api,sdk,system-api,test-api
Landroid/ranging/oob/OobInitiatorRangingConfig$Builder;->addDeviceHandle(Landroid/ranging/oob/DeviceHandle;)Landroid/ranging/oob/OobInitiatorRangingConfig$Builder;,public-api,sdk,system-api,test-api
Landroid/ranging/oob/OobInitiatorRangingConfig$Builder;->addDeviceHandles(Ljava/util/List;)Landroid/ranging/oob/OobInitiatorRangingConfig$Builder;,public-api,sdk,system-api,test-api
Landroid/ranging/oob/OobInitiatorRangingConfig$Builder;->build()Landroid/ranging/oob/OobInitiatorRangingConfig;,public-api,sdk,system-api,test-api
Landroid/ranging/oob/OobInitiatorRangingConfig$Builder;->setFastestRangingInterval(Ljava/time/Duration;)Landroid/ranging/oob/OobInitiatorRangingConfig$Builder;,public-api,sdk,system-api,test-api
Landroid/ranging/oob/OobInitiatorRangingConfig$Builder;->setRangingMode(I)Landroid/ranging/oob/OobInitiatorRangingConfig$Builder;,public-api,sdk,system-api,test-api
Landroid/ranging/oob/OobInitiatorRangingConfig$Builder;->setSecurityLevel(I)Landroid/ranging/oob/OobInitiatorRangingConfig$Builder;,public-api,sdk,system-api,test-api
Landroid/ranging/oob/OobInitiatorRangingConfig$Builder;->setSlowestRangingInterval(Ljava/time/Duration;)Landroid/ranging/oob/OobInitiatorRangingConfig$Builder;,public-api,sdk,system-api,test-api
Landroid/ranging/oob/OobInitiatorRangingConfig;->CREATOR:Landroid/os/Parcelable$Creator;,public-api,sdk,system-api,test-api
Landroid/ranging/oob/OobInitiatorRangingConfig;->RANGING_MODE_AUTO:I,public-api,sdk,system-api,test-api
Landroid/ranging/oob/OobInitiatorRangingConfig;->RANGING_MODE_FUSED:I,public-api,sdk,system-api,test-api
Landroid/ranging/oob/OobInitiatorRangingConfig;->RANGING_MODE_HIGH_ACCURACY:I,public-api,sdk,system-api,test-api
Landroid/ranging/oob/OobInitiatorRangingConfig;->RANGING_MODE_HIGH_ACCURACY_PREFERRED:I,public-api,sdk,system-api,test-api
Landroid/ranging/oob/OobInitiatorRangingConfig;->SECURITY_LEVEL_BASIC:I,public-api,sdk,system-api,test-api
Landroid/ranging/oob/OobInitiatorRangingConfig;->SECURITY_LEVEL_SECURE:I,public-api,sdk,system-api,test-api
Landroid/ranging/oob/OobInitiatorRangingConfig;->describeContents()I,public-api,sdk,system-api,test-api
Landroid/ranging/oob/OobInitiatorRangingConfig;->getDeviceHandles()Ljava/util/List;,public-api,sdk,system-api,test-api
Landroid/ranging/oob/OobInitiatorRangingConfig;->getFastestRangingInterval()Ljava/time/Duration;,public-api,sdk,system-api,test-api
Landroid/ranging/oob/OobInitiatorRangingConfig;->getRangingIntervalRange()Landroid/util/Range;,public-api,sdk,system-api,test-api
Landroid/ranging/oob/OobInitiatorRangingConfig;->getRangingMode()I,public-api,sdk,system-api,test-api
Landroid/ranging/oob/OobInitiatorRangingConfig;->getSecurityLevel()I,public-api,sdk,system-api,test-api
Landroid/ranging/oob/OobInitiatorRangingConfig;->getSlowestRangingInterval()Ljava/time/Duration;,public-api,sdk,system-api,test-api
Landroid/ranging/oob/OobInitiatorRangingConfig;->toString()Ljava/lang/String;,core-platform-api,public-api,sdk,system-api,test-api
Landroid/ranging/oob/OobInitiatorRangingConfig;->writeToParcel(Landroid/os/Parcel;I)V,public-api,sdk,system-api,test-api
Landroid/ranging/oob/OobResponderRangingConfig$1;->createFromParcel(Landroid/os/Parcel;)Ljava/lang/Object;,public-api,sdk,system-api,test-api
Landroid/ranging/oob/OobResponderRangingConfig$1;->newArray(I)[Ljava/lang/Object;,public-api,sdk,system-api,test-api
Landroid/ranging/oob/OobResponderRangingConfig$Builder;-><init>(Landroid/ranging/oob/DeviceHandle;)V,public-api,sdk,system-api,test-api
Landroid/ranging/oob/OobResponderRangingConfig$Builder;->build()Landroid/ranging/oob/OobResponderRangingConfig;,public-api,sdk,system-api,test-api
Landroid/ranging/oob/OobResponderRangingConfig;->CREATOR:Landroid/os/Parcelable$Creator;,public-api,sdk,system-api,test-api
Landroid/ranging/oob/OobResponderRangingConfig;->describeContents()I,public-api,sdk,system-api,test-api
Landroid/ranging/oob/OobResponderRangingConfig;->getDeviceHandle()Landroid/ranging/oob/DeviceHandle;,public-api,sdk,system-api,test-api
Landroid/ranging/oob/OobResponderRangingConfig;->toString()Ljava/lang/String;,core-platform-api,public-api,sdk,system-api,test-api
Landroid/ranging/oob/OobResponderRangingConfig;->writeToParcel(Landroid/os/Parcel;I)V,public-api,sdk,system-api,test-api
Landroid/ranging/oob/TransportHandle$ReceiveCallback;->onClose()V,public-api,sdk,system-api,test-api
Landroid/ranging/oob/TransportHandle$ReceiveCallback;->onDisconnect()V,public-api,sdk,system-api,test-api
Landroid/ranging/oob/TransportHandle$ReceiveCallback;->onReceiveData([B)V,public-api,sdk,system-api,test-api
Landroid/ranging/oob/TransportHandle$ReceiveCallback;->onReconnect()V,public-api,sdk,system-api,test-api
Landroid/ranging/oob/TransportHandle$ReceiveCallback;->onSendFailed()V,public-api,sdk,system-api,test-api
Landroid/ranging/oob/TransportHandle;->registerReceiveCallback(Ljava/util/concurrent/Executor;Landroid/ranging/oob/TransportHandle$ReceiveCallback;)V,public-api,sdk,system-api,test-api
Landroid/ranging/oob/TransportHandle;->sendData([B)V,public-api,sdk,system-api,test-api
Landroid/ranging/raw/RawInitiatorRangingConfig$1;->createFromParcel(Landroid/os/Parcel;)Ljava/lang/Object;,public-api,sdk,system-api,test-api
Landroid/ranging/raw/RawInitiatorRangingConfig$1;->newArray(I)[Ljava/lang/Object;,public-api,sdk,system-api,test-api
Landroid/ranging/raw/RawInitiatorRangingConfig$Builder;-><init>()V,public-api,sdk,system-api,test-api
Landroid/ranging/raw/RawInitiatorRangingConfig$Builder;->addRawRangingDevice(Landroid/ranging/raw/RawRangingDevice;)Landroid/ranging/raw/RawInitiatorRangingConfig$Builder;,public-api,sdk,system-api,test-api
Landroid/ranging/raw/RawInitiatorRangingConfig$Builder;->addRawRangingDevices(Ljava/util/List;)Landroid/ranging/raw/RawInitiatorRangingConfig$Builder;,public-api,sdk,system-api,test-api
Landroid/ranging/raw/RawInitiatorRangingConfig$Builder;->build()Landroid/ranging/raw/RawInitiatorRangingConfig;,public-api,sdk,system-api,test-api
Landroid/ranging/raw/RawInitiatorRangingConfig;->CREATOR:Landroid/os/Parcelable$Creator;,public-api,sdk,system-api,test-api
Landroid/ranging/raw/RawInitiatorRangingConfig;->describeContents()I,public-api,sdk,system-api,test-api
Landroid/ranging/raw/RawInitiatorRangingConfig;->getRawRangingDevices()Ljava/util/List;,public-api,sdk,system-api,test-api
Landroid/ranging/raw/RawInitiatorRangingConfig;->toString()Ljava/lang/String;,core-platform-api,public-api,sdk,system-api,test-api
Landroid/ranging/raw/RawInitiatorRangingConfig;->writeToParcel(Landroid/os/Parcel;I)V,public-api,sdk,system-api,test-api
Landroid/ranging/raw/RawRangingDevice$1;->createFromParcel(Landroid/os/Parcel;)Ljava/lang/Object;,public-api,sdk,system-api,test-api
Landroid/ranging/raw/RawRangingDevice$1;->newArray(I)[Ljava/lang/Object;,public-api,sdk,system-api,test-api
Landroid/ranging/raw/RawRangingDevice$Builder$$ExternalSyntheticLambda0;->test(Ljava/lang/Object;)Z,core-platform-api,public-api,sdk,system-api,test-api
Landroid/ranging/raw/RawRangingDevice$Builder;-><init>()V,public-api,sdk,system-api,test-api
Landroid/ranging/raw/RawRangingDevice$Builder;->build()Landroid/ranging/raw/RawRangingDevice;,public-api,sdk,system-api,test-api
Landroid/ranging/raw/RawRangingDevice$Builder;->setBleRssiRangingParams(Landroid/ranging/ble/rssi/BleRssiRangingParams;)Landroid/ranging/raw/RawRangingDevice$Builder;,public-api,sdk,system-api,test-api
Landroid/ranging/raw/RawRangingDevice$Builder;->setCsRangingParams(Landroid/ranging/ble/cs/BleCsRangingParams;)Landroid/ranging/raw/RawRangingDevice$Builder;,public-api,sdk,system-api,test-api
Landroid/ranging/raw/RawRangingDevice$Builder;->setRangingDevice(Landroid/ranging/RangingDevice;)Landroid/ranging/raw/RawRangingDevice$Builder;,public-api,sdk,system-api,test-api
Landroid/ranging/raw/RawRangingDevice$Builder;->setRttRangingParams(Landroid/ranging/wifi/rtt/RttRangingParams;)Landroid/ranging/raw/RawRangingDevice$Builder;,public-api,sdk,system-api,test-api
Landroid/ranging/raw/RawRangingDevice$Builder;->setUwbRangingParams(Landroid/ranging/uwb/UwbRangingParams;)Landroid/ranging/raw/RawRangingDevice$Builder;,public-api,sdk,system-api,test-api
Landroid/ranging/raw/RawRangingDevice;->CREATOR:Landroid/os/Parcelable$Creator;,public-api,sdk,system-api,test-api
Landroid/ranging/raw/RawRangingDevice;->UPDATE_RATE_FREQUENT:I,public-api,sdk,system-api,test-api
Landroid/ranging/raw/RawRangingDevice;->UPDATE_RATE_INFREQUENT:I,public-api,sdk,system-api,test-api
Landroid/ranging/raw/RawRangingDevice;->UPDATE_RATE_NORMAL:I,public-api,sdk,system-api,test-api
Landroid/ranging/raw/RawRangingDevice;->describeContents()I,public-api,sdk,system-api,test-api
Landroid/ranging/raw/RawRangingDevice;->getBleRssiRangingParams()Landroid/ranging/ble/rssi/BleRssiRangingParams;,public-api,sdk,system-api,test-api
Landroid/ranging/raw/RawRangingDevice;->getCsRangingParams()Landroid/ranging/ble/cs/BleCsRangingParams;,public-api,sdk,system-api,test-api
Landroid/ranging/raw/RawRangingDevice;->getRangingDevice()Landroid/ranging/RangingDevice;,public-api,sdk,system-api,test-api
Landroid/ranging/raw/RawRangingDevice;->getRttRangingParams()Landroid/ranging/wifi/rtt/RttRangingParams;,public-api,sdk,system-api,test-api
Landroid/ranging/raw/RawRangingDevice;->getUwbRangingParams()Landroid/ranging/uwb/UwbRangingParams;,public-api,sdk,system-api,test-api
Landroid/ranging/raw/RawRangingDevice;->toString()Ljava/lang/String;,core-platform-api,public-api,sdk,system-api,test-api
Landroid/ranging/raw/RawRangingDevice;->writeToParcel(Landroid/os/Parcel;I)V,public-api,sdk,system-api,test-api
Landroid/ranging/raw/RawResponderRangingConfig$1;->createFromParcel(Landroid/os/Parcel;)Ljava/lang/Object;,public-api,sdk,system-api,test-api
Landroid/ranging/raw/RawResponderRangingConfig$1;->newArray(I)[Ljava/lang/Object;,public-api,sdk,system-api,test-api
Landroid/ranging/raw/RawResponderRangingConfig$Builder;-><init>()V,public-api,sdk,system-api,test-api
Landroid/ranging/raw/RawResponderRangingConfig$Builder;->build()Landroid/ranging/raw/RawResponderRangingConfig;,public-api,sdk,system-api,test-api
Landroid/ranging/raw/RawResponderRangingConfig$Builder;->setRawRangingDevice(Landroid/ranging/raw/RawRangingDevice;)Landroid/ranging/raw/RawResponderRangingConfig$Builder;,public-api,sdk,system-api,test-api
Landroid/ranging/raw/RawResponderRangingConfig;->CREATOR:Landroid/os/Parcelable$Creator;,public-api,sdk,system-api,test-api
Landroid/ranging/raw/RawResponderRangingConfig;->describeContents()I,public-api,sdk,system-api,test-api
Landroid/ranging/raw/RawResponderRangingConfig;->getRawRangingDevice()Landroid/ranging/raw/RawRangingDevice;,public-api,sdk,system-api,test-api
Landroid/ranging/raw/RawResponderRangingConfig;->toString()Ljava/lang/String;,core-platform-api,public-api,sdk,system-api,test-api
Landroid/ranging/raw/RawResponderRangingConfig;->writeToParcel(Landroid/os/Parcel;I)V,public-api,sdk,system-api,test-api
Landroid/ranging/uwb/UwbAddress$1;->createFromParcel(Landroid/os/Parcel;)Ljava/lang/Object;,public-api,sdk,system-api,test-api
Landroid/ranging/uwb/UwbAddress$1;->newArray(I)[Ljava/lang/Object;,public-api,sdk,system-api,test-api
Landroid/ranging/uwb/UwbAddress;->CREATOR:Landroid/os/Parcelable$Creator;,public-api,sdk,system-api,test-api
Landroid/ranging/uwb/UwbAddress;->EXTENDED_ADDRESS_BYTE_LENGTH:I,public-api,sdk,system-api,test-api
Landroid/ranging/uwb/UwbAddress;->SHORT_ADDRESS_BYTE_LENGTH:I,public-api,sdk,system-api,test-api
Landroid/ranging/uwb/UwbAddress;->createRandomShortAddress()Landroid/ranging/uwb/UwbAddress;,public-api,sdk,system-api,test-api
Landroid/ranging/uwb/UwbAddress;->describeContents()I,public-api,sdk,system-api,test-api
Landroid/ranging/uwb/UwbAddress;->equals(Ljava/lang/Object;)Z,core-platform-api,public-api,sdk,system-api,test-api
Landroid/ranging/uwb/UwbAddress;->fromBytes([B)Landroid/ranging/uwb/UwbAddress;,public-api,sdk,system-api,test-api
Landroid/ranging/uwb/UwbAddress;->getAddressBytes()[B,public-api,sdk,system-api,test-api
Landroid/ranging/uwb/UwbAddress;->hashCode()I,core-platform-api,public-api,sdk,system-api,test-api
Landroid/ranging/uwb/UwbAddress;->toString()Ljava/lang/String;,core-platform-api,public-api,sdk,system-api,test-api
Landroid/ranging/uwb/UwbAddress;->writeToParcel(Landroid/os/Parcel;I)V,public-api,sdk,system-api,test-api
Landroid/ranging/uwb/UwbComplexChannel$1;->createFromParcel(Landroid/os/Parcel;)Ljava/lang/Object;,public-api,sdk,system-api,test-api
Landroid/ranging/uwb/UwbComplexChannel$1;->newArray(I)[Ljava/lang/Object;,public-api,sdk,system-api,test-api
Landroid/ranging/uwb/UwbComplexChannel$Builder;-><init>()V,public-api,sdk,system-api,test-api
Landroid/ranging/uwb/UwbComplexChannel$Builder;->build()Landroid/ranging/uwb/UwbComplexChannel;,public-api,sdk,system-api,test-api
Landroid/ranging/uwb/UwbComplexChannel$Builder;->setChannel(I)Landroid/ranging/uwb/UwbComplexChannel$Builder;,public-api,sdk,system-api,test-api
Landroid/ranging/uwb/UwbComplexChannel$Builder;->setPreambleIndex(I)Landroid/ranging/uwb/UwbComplexChannel$Builder;,public-api,sdk,system-api,test-api
Landroid/ranging/uwb/UwbComplexChannel;->CREATOR:Landroid/os/Parcelable$Creator;,public-api,sdk,system-api,test-api
Landroid/ranging/uwb/UwbComplexChannel;->UWB_CHANNEL_10:I,public-api,sdk,system-api,test-api
Landroid/ranging/uwb/UwbComplexChannel;->UWB_CHANNEL_12:I,public-api,sdk,system-api,test-api
Landroid/ranging/uwb/UwbComplexChannel;->UWB_CHANNEL_13:I,public-api,sdk,system-api,test-api
Landroid/ranging/uwb/UwbComplexChannel;->UWB_CHANNEL_14:I,public-api,sdk,system-api,test-api
Landroid/ranging/uwb/UwbComplexChannel;->UWB_CHANNEL_5:I,public-api,sdk,system-api,test-api
Landroid/ranging/uwb/UwbComplexChannel;->UWB_CHANNEL_6:I,public-api,sdk,system-api,test-api
Landroid/ranging/uwb/UwbComplexChannel;->UWB_CHANNEL_8:I,public-api,sdk,system-api,test-api
Landroid/ranging/uwb/UwbComplexChannel;->UWB_CHANNEL_9:I,public-api,sdk,system-api,test-api
Landroid/ranging/uwb/UwbComplexChannel;->UWB_PREAMBLE_CODE_INDEX_10:I,public-api,sdk,system-api,test-api
Landroid/ranging/uwb/UwbComplexChannel;->UWB_PREAMBLE_CODE_INDEX_11:I,public-api,sdk,system-api,test-api
Landroid/ranging/uwb/UwbComplexChannel;->UWB_PREAMBLE_CODE_INDEX_12:I,public-api,sdk,system-api,test-api
Landroid/ranging/uwb/UwbComplexChannel;->UWB_PREAMBLE_CODE_INDEX_25:I,public-api,sdk,system-api,test-api
Landroid/ranging/uwb/UwbComplexChannel;->UWB_PREAMBLE_CODE_INDEX_26:I,public-api,sdk,system-api,test-api
Landroid/ranging/uwb/UwbComplexChannel;->UWB_PREAMBLE_CODE_INDEX_27:I,public-api,sdk,system-api,test-api
Landroid/ranging/uwb/UwbComplexChannel;->UWB_PREAMBLE_CODE_INDEX_28:I,public-api,sdk,system-api,test-api
Landroid/ranging/uwb/UwbComplexChannel;->UWB_PREAMBLE_CODE_INDEX_29:I,public-api,sdk,system-api,test-api
Landroid/ranging/uwb/UwbComplexChannel;->UWB_PREAMBLE_CODE_INDEX_30:I,public-api,sdk,system-api,test-api
Landroid/ranging/uwb/UwbComplexChannel;->UWB_PREAMBLE_CODE_INDEX_31:I,public-api,sdk,system-api,test-api
Landroid/ranging/uwb/UwbComplexChannel;->UWB_PREAMBLE_CODE_INDEX_32:I,public-api,sdk,system-api,test-api
Landroid/ranging/uwb/UwbComplexChannel;->UWB_PREAMBLE_CODE_INDEX_9:I,public-api,sdk,system-api,test-api
Landroid/ranging/uwb/UwbComplexChannel;->describeContents()I,public-api,sdk,system-api,test-api
Landroid/ranging/uwb/UwbComplexChannel;->equals(Ljava/lang/Object;)Z,core-platform-api,public-api,sdk,system-api,test-api
Landroid/ranging/uwb/UwbComplexChannel;->getChannel()I,public-api,sdk,system-api,test-api
Landroid/ranging/uwb/UwbComplexChannel;->getPreambleIndex()I,public-api,sdk,system-api,test-api
Landroid/ranging/uwb/UwbComplexChannel;->hashCode()I,core-platform-api,public-api,sdk,system-api,test-api
Landroid/ranging/uwb/UwbComplexChannel;->toString()Ljava/lang/String;,core-platform-api,public-api,sdk,system-api,test-api
Landroid/ranging/uwb/UwbComplexChannel;->writeToParcel(Landroid/os/Parcel;I)V,public-api,sdk,system-api,test-api
Landroid/ranging/uwb/UwbRangingCapabilities$1;->createFromParcel(Landroid/os/Parcel;)Ljava/lang/Object;,public-api,sdk,system-api,test-api
Landroid/ranging/uwb/UwbRangingCapabilities$1;->newArray(I)[Ljava/lang/Object;,public-api,sdk,system-api,test-api
Landroid/ranging/uwb/UwbRangingCapabilities;->CREATOR:Landroid/os/Parcelable$Creator;,public-api,sdk,system-api,test-api
Landroid/ranging/uwb/UwbRangingCapabilities;->describeContents()I,public-api,sdk,system-api,test-api
Landroid/ranging/uwb/UwbRangingCapabilities;->getMinimumRangingInterval()Ljava/time/Duration;,public-api,sdk,system-api,test-api
Landroid/ranging/uwb/UwbRangingCapabilities;->getSupportedChannels()Ljava/util/List;,public-api,sdk,system-api,test-api
Landroid/ranging/uwb/UwbRangingCapabilities;->getSupportedConfigIds()Ljava/util/List;,public-api,sdk,system-api,test-api
Landroid/ranging/uwb/UwbRangingCapabilities;->getSupportedNotificationConfigurations()Ljava/util/List;,public-api,sdk,system-api,test-api
Landroid/ranging/uwb/UwbRangingCapabilities;->getSupportedPreambleIndexes()Ljava/util/List;,public-api,sdk,system-api,test-api
Landroid/ranging/uwb/UwbRangingCapabilities;->getSupportedRangingUpdateRates()Ljava/util/List;,public-api,sdk,system-api,test-api
Landroid/ranging/uwb/UwbRangingCapabilities;->getSupportedSlotDurations()Ljava/util/List;,public-api,sdk,system-api,test-api
Landroid/ranging/uwb/UwbRangingCapabilities;->isAzimuthalAngleSupported()Z,public-api,sdk,system-api,test-api
Landroid/ranging/uwb/UwbRangingCapabilities;->isBackgroundRangingSupported()Z,public-api,sdk,system-api,test-api
Landroid/ranging/uwb/UwbRangingCapabilities;->isDistanceMeasurementSupported()Z,public-api,sdk,system-api,test-api
Landroid/ranging/uwb/UwbRangingCapabilities;->isElevationAngleSupported()Z,public-api,sdk,system-api,test-api
Landroid/ranging/uwb/UwbRangingCapabilities;->isRangingIntervalReconfigurationSupported()Z,public-api,sdk,system-api,test-api
Landroid/ranging/uwb/UwbRangingCapabilities;->toString()Ljava/lang/String;,core-platform-api,public-api,sdk,system-api,test-api
Landroid/ranging/uwb/UwbRangingCapabilities;->writeToParcel(Landroid/os/Parcel;I)V,public-api,sdk,system-api,test-api
Landroid/ranging/uwb/UwbRangingParams$1;->createFromParcel(Landroid/os/Parcel;)Ljava/lang/Object;,public-api,sdk,system-api,test-api
Landroid/ranging/uwb/UwbRangingParams$1;->newArray(I)[Ljava/lang/Object;,public-api,sdk,system-api,test-api
Landroid/ranging/uwb/UwbRangingParams$Builder;-><init>(IILandroid/ranging/uwb/UwbAddress;Landroid/ranging/uwb/UwbAddress;)V,public-api,sdk,system-api,test-api
Landroid/ranging/uwb/UwbRangingParams$Builder;->build()Landroid/ranging/uwb/UwbRangingParams;,public-api,sdk,system-api,test-api
Landroid/ranging/uwb/UwbRangingParams$Builder;->setComplexChannel(Landroid/ranging/uwb/UwbComplexChannel;)Landroid/ranging/uwb/UwbRangingParams$Builder;,public-api,sdk,system-api,test-api
Landroid/ranging/uwb/UwbRangingParams$Builder;->setRangingUpdateRate(I)Landroid/ranging/uwb/UwbRangingParams$Builder;,public-api,sdk,system-api,test-api
Landroid/ranging/uwb/UwbRangingParams$Builder;->setSessionKeyInfo([B)Landroid/ranging/uwb/UwbRangingParams$Builder;,public-api,sdk,system-api,test-api
Landroid/ranging/uwb/UwbRangingParams$Builder;->setSlotDuration(I)Landroid/ranging/uwb/UwbRangingParams$Builder;,public-api,sdk,system-api,test-api
Landroid/ranging/uwb/UwbRangingParams$Builder;->setSubSessionId(I)Landroid/ranging/uwb/UwbRangingParams$Builder;,public-api,sdk,system-api,test-api
Landroid/ranging/uwb/UwbRangingParams$Builder;->setSubSessionKeyInfo([B)Landroid/ranging/uwb/UwbRangingParams$Builder;,public-api,sdk,system-api,test-api
Landroid/ranging/uwb/UwbRangingParams;->CONFIG_MULTICAST_DS_TWR:I,public-api,sdk,system-api,test-api
Landroid/ranging/uwb/UwbRangingParams;->CONFIG_PROVISIONED_INDIVIDUAL_MULTICAST_DS_TWR:I,public-api,sdk,system-api,test-api
Landroid/ranging/uwb/UwbRangingParams;->CONFIG_PROVISIONED_MULTICAST_DS_TWR:I,public-api,sdk,system-api,test-api
Landroid/ranging/uwb/UwbRangingParams;->CONFIG_PROVISIONED_UNICAST_DS_TWR:I,public-api,sdk,system-api,test-api
Landroid/ranging/uwb/UwbRangingParams;->CONFIG_PROVISIONED_UNICAST_DS_TWR_VERY_FAST:I,public-api,sdk,system-api,test-api
Landroid/ranging/uwb/UwbRangingParams;->CONFIG_UNICAST_DS_TWR:I,public-api,sdk,system-api,test-api
Landroid/ranging/uwb/UwbRangingParams;->CREATOR:Landroid/os/Parcelable$Creator;,public-api,sdk,system-api,test-api
Landroid/ranging/uwb/UwbRangingParams;->DURATION_1_MS:I,public-api,sdk,system-api,test-api
Landroid/ranging/uwb/UwbRangingParams;->DURATION_2_MS:I,public-api,sdk,system-api,test-api
Landroid/ranging/uwb/UwbRangingParams;->SUB_SESSION_UNDEFINED:I,public-api,sdk,system-api,test-api
Landroid/ranging/uwb/UwbRangingParams;->describeContents()I,public-api,sdk,system-api,test-api
Landroid/ranging/uwb/UwbRangingParams;->equals(Ljava/lang/Object;)Z,core-platform-api,public-api,sdk,system-api,test-api
Landroid/ranging/uwb/UwbRangingParams;->getComplexChannel()Landroid/ranging/uwb/UwbComplexChannel;,public-api,sdk,system-api,test-api
Landroid/ranging/uwb/UwbRangingParams;->getConfigId()I,public-api,sdk,system-api,test-api
Landroid/ranging/uwb/UwbRangingParams;->getDeviceAddress()Landroid/ranging/uwb/UwbAddress;,public-api,sdk,system-api,test-api
Landroid/ranging/uwb/UwbRangingParams;->getPeerAddress()Landroid/ranging/uwb/UwbAddress;,public-api,sdk,system-api,test-api
Landroid/ranging/uwb/UwbRangingParams;->getRangingUpdateRate()I,public-api,sdk,system-api,test-api
Landroid/ranging/uwb/UwbRangingParams;->getSessionId()I,public-api,sdk,system-api,test-api
Landroid/ranging/uwb/UwbRangingParams;->getSessionKeyInfo()[B,public-api,sdk,system-api,test-api
Landroid/ranging/uwb/UwbRangingParams;->getSlotDuration()I,public-api,sdk,system-api,test-api
Landroid/ranging/uwb/UwbRangingParams;->getSubSessionId()I,public-api,sdk,system-api,test-api
Landroid/ranging/uwb/UwbRangingParams;->getSubSessionKeyInfo()[B,public-api,sdk,system-api,test-api
Landroid/ranging/uwb/UwbRangingParams;->hashCode()I,core-platform-api,public-api,sdk,system-api,test-api
Landroid/ranging/uwb/UwbRangingParams;->toString()Ljava/lang/String;,core-platform-api,public-api,sdk,system-api,test-api
Landroid/ranging/uwb/UwbRangingParams;->writeToParcel(Landroid/os/Parcel;I)V,public-api,sdk,system-api,test-api
Landroid/ranging/wifi/rtt/RttRangingCapabilities$1;->createFromParcel(Landroid/os/Parcel;)Ljava/lang/Object;,public-api,sdk,system-api,test-api
Landroid/ranging/wifi/rtt/RttRangingCapabilities$1;->newArray(I)[Ljava/lang/Object;,public-api,sdk,system-api,test-api
Landroid/ranging/wifi/rtt/RttRangingCapabilities;->CREATOR:Landroid/os/Parcelable$Creator;,public-api,sdk,system-api,test-api
Landroid/ranging/wifi/rtt/RttRangingCapabilities;->describeContents()I,public-api,sdk,system-api,test-api
Landroid/ranging/wifi/rtt/RttRangingCapabilities;->hasPeriodicRangingHardwareFeature()Z,public-api,sdk,system-api,test-api
Landroid/ranging/wifi/rtt/RttRangingCapabilities;->toString()Ljava/lang/String;,core-platform-api,public-api,sdk,system-api,test-api
Landroid/ranging/wifi/rtt/RttRangingCapabilities;->writeToParcel(Landroid/os/Parcel;I)V,public-api,sdk,system-api,test-api
Landroid/ranging/wifi/rtt/RttRangingParams$1;->createFromParcel(Landroid/os/Parcel;)Ljava/lang/Object;,public-api,sdk,system-api,test-api
Landroid/ranging/wifi/rtt/RttRangingParams$1;->newArray(I)[Ljava/lang/Object;,public-api,sdk,system-api,test-api
Landroid/ranging/wifi/rtt/RttRangingParams$Builder;-><init>(Ljava/lang/String;)V,public-api,sdk,system-api,test-api
Landroid/ranging/wifi/rtt/RttRangingParams$Builder;->build()Landroid/ranging/wifi/rtt/RttRangingParams;,public-api,sdk,system-api,test-api
Landroid/ranging/wifi/rtt/RttRangingParams$Builder;->setMatchFilter([B)Landroid/ranging/wifi/rtt/RttRangingParams$Builder;,public-api,sdk,system-api,test-api
Landroid/ranging/wifi/rtt/RttRangingParams$Builder;->setPeriodicRangingHwFeatureEnabled(Z)Landroid/ranging/wifi/rtt/RttRangingParams$Builder;,public-api,sdk,system-api,test-api
Landroid/ranging/wifi/rtt/RttRangingParams$Builder;->setRangingUpdateRate(I)Landroid/ranging/wifi/rtt/RttRangingParams$Builder;,public-api,sdk,system-api,test-api
Landroid/ranging/wifi/rtt/RttRangingParams;->CREATOR:Landroid/os/Parcelable$Creator;,public-api,sdk,system-api,test-api
Landroid/ranging/wifi/rtt/RttRangingParams;->describeContents()I,public-api,sdk,system-api,test-api
Landroid/ranging/wifi/rtt/RttRangingParams;->equals(Ljava/lang/Object;)Z,core-platform-api,public-api,sdk,system-api,test-api
Landroid/ranging/wifi/rtt/RttRangingParams;->getMatchFilter()[B,public-api,sdk,system-api,test-api
Landroid/ranging/wifi/rtt/RttRangingParams;->getRangingUpdateRate()I,public-api,sdk,system-api,test-api
Landroid/ranging/wifi/rtt/RttRangingParams;->getServiceName()Ljava/lang/String;,public-api,sdk,system-api,test-api
Landroid/ranging/wifi/rtt/RttRangingParams;->hashCode()I,core-platform-api,public-api,sdk,system-api,test-api
Landroid/ranging/wifi/rtt/RttRangingParams;->isPeriodicRangingHwFeatureEnabled()Z,public-api,sdk,system-api,test-api
Landroid/ranging/wifi/rtt/RttRangingParams;->toString()Ljava/lang/String;,core-platform-api,public-api,sdk,system-api,test-api
Landroid/ranging/wifi/rtt/RttRangingParams;->writeToParcel(Landroid/os/Parcel;I)V,public-api,sdk,system-api,test-api
Landroid/uwb/AdapterStateListener$$ExternalSyntheticLambda0;->run()V,core-platform-api,public-api,sdk,system-api,test-api
Landroid/uwb/AngleMeasurement$1;->createFromParcel(Landroid/os/Parcel;)Ljava/lang/Object;,public-api,sdk,system-api,test-api
Landroid/uwb/AngleMeasurement$1;->newArray(I)[Ljava/lang/Object;,public-api,sdk,system-api,test-api
Landroid/uwb/AngleMeasurement;-><init>(DDD)V,sdk,system-api,test-api
Landroid/uwb/AngleMeasurement;->CREATOR:Landroid/os/Parcelable$Creator;,sdk,system-api,test-api
Landroid/uwb/AngleMeasurement;->describeContents()I,public-api,sdk,system-api,test-api
Landroid/uwb/AngleMeasurement;->equals(Ljava/lang/Object;)Z,core-platform-api,public-api,sdk,system-api,test-api
Landroid/uwb/AngleMeasurement;->getConfidenceLevel()D,sdk,system-api,test-api
Landroid/uwb/AngleMeasurement;->getErrorRadians()D,sdk,system-api,test-api
Landroid/uwb/AngleMeasurement;->getRadians()D,sdk,system-api,test-api
Landroid/uwb/AngleMeasurement;->hashCode()I,core-platform-api,public-api,sdk,system-api,test-api
Landroid/uwb/AngleMeasurement;->toString()Ljava/lang/String;,core-platform-api,public-api,sdk,system-api,test-api
Landroid/uwb/AngleMeasurement;->writeToParcel(Landroid/os/Parcel;I)V,public-api,sdk,system-api,test-api
Landroid/uwb/AngleOfArrivalMeasurement$1;->createFromParcel(Landroid/os/Parcel;)Ljava/lang/Object;,public-api,sdk,system-api,test-api
Landroid/uwb/AngleOfArrivalMeasurement$1;->newArray(I)[Ljava/lang/Object;,public-api,sdk,system-api,test-api
Landroid/uwb/AngleOfArrivalMeasurement$Builder;-><init>(Landroid/uwb/AngleMeasurement;)V,sdk,system-api,test-api
Landroid/uwb/AngleOfArrivalMeasurement$Builder;->build()Landroid/uwb/AngleOfArrivalMeasurement;,sdk,system-api,test-api
Landroid/uwb/AngleOfArrivalMeasurement$Builder;->setAltitude(Landroid/uwb/AngleMeasurement;)Landroid/uwb/AngleOfArrivalMeasurement$Builder;,sdk,system-api,test-api
Landroid/uwb/AngleOfArrivalMeasurement;->CREATOR:Landroid/os/Parcelable$Creator;,sdk,system-api,test-api
Landroid/uwb/AngleOfArrivalMeasurement;->describeContents()I,public-api,sdk,system-api,test-api
Landroid/uwb/AngleOfArrivalMeasurement;->equals(Ljava/lang/Object;)Z,core-platform-api,public-api,sdk,system-api,test-api
Landroid/uwb/AngleOfArrivalMeasurement;->getAltitude()Landroid/uwb/AngleMeasurement;,sdk,system-api,test-api
Landroid/uwb/AngleOfArrivalMeasurement;->getAzimuth()Landroid/uwb/AngleMeasurement;,sdk,system-api,test-api
Landroid/uwb/AngleOfArrivalMeasurement;->hashCode()I,core-platform-api,public-api,sdk,system-api,test-api
Landroid/uwb/AngleOfArrivalMeasurement;->toString()Ljava/lang/String;,core-platform-api,public-api,sdk,system-api,test-api
Landroid/uwb/AngleOfArrivalMeasurement;->writeToParcel(Landroid/os/Parcel;I)V,public-api,sdk,system-api,test-api
Landroid/uwb/DistanceMeasurement$1;->createFromParcel(Landroid/os/Parcel;)Ljava/lang/Object;,public-api,sdk,system-api,test-api
Landroid/uwb/DistanceMeasurement$1;->newArray(I)[Ljava/lang/Object;,public-api,sdk,system-api,test-api
Landroid/uwb/DistanceMeasurement$Builder;-><init>()V,sdk,system-api,test-api
Landroid/uwb/DistanceMeasurement$Builder;->build()Landroid/uwb/DistanceMeasurement;,sdk,system-api,test-api
Landroid/uwb/DistanceMeasurement$Builder;->setConfidenceLevel(D)Landroid/uwb/DistanceMeasurement$Builder;,sdk,system-api,test-api
Landroid/uwb/DistanceMeasurement$Builder;->setErrorMeters(D)Landroid/uwb/DistanceMeasurement$Builder;,sdk,system-api,test-api
Landroid/uwb/DistanceMeasurement$Builder;->setMeters(D)Landroid/uwb/DistanceMeasurement$Builder;,sdk,system-api,test-api
Landroid/uwb/DistanceMeasurement;->CREATOR:Landroid/os/Parcelable$Creator;,sdk,system-api,test-api
Landroid/uwb/DistanceMeasurement;->describeContents()I,public-api,sdk,system-api,test-api
Landroid/uwb/DistanceMeasurement;->equals(Ljava/lang/Object;)Z,core-platform-api,public-api,sdk,system-api,test-api
Landroid/uwb/DistanceMeasurement;->getConfidenceLevel()D,sdk,system-api,test-api
Landroid/uwb/DistanceMeasurement;->getErrorMeters()D,sdk,system-api,test-api
Landroid/uwb/DistanceMeasurement;->getMeters()D,sdk,system-api,test-api
Landroid/uwb/DistanceMeasurement;->hashCode()I,core-platform-api,public-api,sdk,system-api,test-api
Landroid/uwb/DistanceMeasurement;->toString()Ljava/lang/String;,core-platform-api,public-api,sdk,system-api,test-api
Landroid/uwb/DistanceMeasurement;->writeToParcel(Landroid/os/Parcel;I)V,public-api,sdk,system-api,test-api
Landroid/uwb/IOnUwbActivityEnergyInfoListener$Default;->asBinder()Landroid/os/IBinder;,public-api,sdk,system-api,test-api
Landroid/uwb/IOnUwbActivityEnergyInfoListener$Stub$Proxy;->asBinder()Landroid/os/IBinder;,public-api,sdk,system-api,test-api
Landroid/uwb/IOnUwbActivityEnergyInfoListener$Stub;->asBinder()Landroid/os/IBinder;,public-api,sdk,system-api,test-api
Landroid/uwb/IOnUwbActivityEnergyInfoListener$Stub;->onTransact(ILandroid/os/Parcel;Landroid/os/Parcel;I)Z,public-api,sdk,system-api,test-api
Landroid/uwb/IUwbAdapter$Default;->asBinder()Landroid/os/IBinder;,public-api,sdk,system-api,test-api
Landroid/uwb/IUwbAdapter$Stub$Proxy;->asBinder()Landroid/os/IBinder;,public-api,sdk,system-api,test-api
Landroid/uwb/IUwbAdapter$Stub;->asBinder()Landroid/os/IBinder;,public-api,sdk,system-api,test-api
Landroid/uwb/IUwbAdapter$Stub;->onTransact(ILandroid/os/Parcel;Landroid/os/Parcel;I)Z,public-api,sdk,system-api,test-api
Landroid/uwb/IUwbAdapterStateCallbacks$Default;->asBinder()Landroid/os/IBinder;,public-api,sdk,system-api,test-api
Landroid/uwb/IUwbAdapterStateCallbacks$Stub$Proxy;->asBinder()Landroid/os/IBinder;,public-api,sdk,system-api,test-api
Landroid/uwb/IUwbAdapterStateCallbacks$Stub;->asBinder()Landroid/os/IBinder;,public-api,sdk,system-api,test-api
Landroid/uwb/IUwbAdapterStateCallbacks$Stub;->onTransact(ILandroid/os/Parcel;Landroid/os/Parcel;I)Z,public-api,sdk,system-api,test-api
Landroid/uwb/IUwbAdfProvisionStateCallbacks$Default;->asBinder()Landroid/os/IBinder;,public-api,sdk,system-api,test-api
Landroid/uwb/IUwbAdfProvisionStateCallbacks$Stub$Proxy;->asBinder()Landroid/os/IBinder;,public-api,sdk,system-api,test-api
Landroid/uwb/IUwbAdfProvisionStateCallbacks$Stub;->asBinder()Landroid/os/IBinder;,public-api,sdk,system-api,test-api
Landroid/uwb/IUwbAdfProvisionStateCallbacks$Stub;->onTransact(ILandroid/os/Parcel;Landroid/os/Parcel;I)Z,public-api,sdk,system-api,test-api
Landroid/uwb/IUwbOemExtensionCallback$Default;->asBinder()Landroid/os/IBinder;,public-api,sdk,system-api,test-api
Landroid/uwb/IUwbOemExtensionCallback$Stub$Proxy;->asBinder()Landroid/os/IBinder;,public-api,sdk,system-api,test-api
Landroid/uwb/IUwbOemExtensionCallback$Stub;->asBinder()Landroid/os/IBinder;,public-api,sdk,system-api,test-api
Landroid/uwb/IUwbOemExtensionCallback$Stub;->onTransact(ILandroid/os/Parcel;Landroid/os/Parcel;I)Z,public-api,sdk,system-api,test-api
Landroid/uwb/IUwbRangingCallbacks$Default;->asBinder()Landroid/os/IBinder;,public-api,sdk,system-api,test-api
Landroid/uwb/IUwbRangingCallbacks$Stub$Proxy;->asBinder()Landroid/os/IBinder;,public-api,sdk,system-api,test-api
Landroid/uwb/IUwbRangingCallbacks$Stub;->asBinder()Landroid/os/IBinder;,public-api,sdk,system-api,test-api
Landroid/uwb/IUwbRangingCallbacks$Stub;->onTransact(ILandroid/os/Parcel;Landroid/os/Parcel;I)Z,public-api,sdk,system-api,test-api
Landroid/uwb/IUwbVendorUciCallback$Default;->asBinder()Landroid/os/IBinder;,public-api,sdk,system-api,test-api
Landroid/uwb/IUwbVendorUciCallback$Stub$Proxy;->asBinder()Landroid/os/IBinder;,public-api,sdk,system-api,test-api
Landroid/uwb/IUwbVendorUciCallback$Stub;->asBinder()Landroid/os/IBinder;,public-api,sdk,system-api,test-api
Landroid/uwb/IUwbVendorUciCallback$Stub;->onTransact(ILandroid/os/Parcel;Landroid/os/Parcel;I)Z,public-api,sdk,system-api,test-api
Landroid/uwb/RangingManager$$ExternalSyntheticLambda0;->onCancel()V,public-api,sdk,system-api,test-api
Landroid/uwb/RangingMeasurement$1;->createFromParcel(Landroid/os/Parcel;)Ljava/lang/Object;,public-api,sdk,system-api,test-api
Landroid/uwb/RangingMeasurement$1;->newArray(I)[Ljava/lang/Object;,public-api,sdk,system-api,test-api
Landroid/uwb/RangingMeasurement$Builder;-><init>()V,sdk,system-api,test-api
Landroid/uwb/RangingMeasurement$Builder;->build()Landroid/uwb/RangingMeasurement;,sdk,system-api,test-api
Landroid/uwb/RangingMeasurement$Builder;->setAngleOfArrivalMeasurement(Landroid/uwb/AngleOfArrivalMeasurement;)Landroid/uwb/RangingMeasurement$Builder;,sdk,system-api,test-api
Landroid/uwb/RangingMeasurement$Builder;->setDestinationAngleOfArrivalMeasurement(Landroid/uwb/AngleOfArrivalMeasurement;)Landroid/uwb/RangingMeasurement$Builder;,sdk,system-api,test-api
Landroid/uwb/RangingMeasurement$Builder;->setDistanceMeasurement(Landroid/uwb/DistanceMeasurement;)Landroid/uwb/RangingMeasurement$Builder;,sdk,system-api,test-api
Landroid/uwb/RangingMeasurement$Builder;->setElapsedRealtimeNanos(J)Landroid/uwb/RangingMeasurement$Builder;,sdk,system-api,test-api
Landroid/uwb/RangingMeasurement$Builder;->setLineOfSight(I)Landroid/uwb/RangingMeasurement$Builder;,sdk,system-api,test-api
Landroid/uwb/RangingMeasurement$Builder;->setMeasurementFocus(I)Landroid/uwb/RangingMeasurement$Builder;,sdk,system-api,test-api
Landroid/uwb/RangingMeasurement$Builder;->setRangingMeasurementMetadata(Landroid/os/PersistableBundle;)Landroid/uwb/RangingMeasurement$Builder;,sdk,system-api,test-api
Landroid/uwb/RangingMeasurement$Builder;->setRemoteDeviceAddress(Landroid/uwb/UwbAddress;)Landroid/uwb/RangingMeasurement$Builder;,sdk,system-api,test-api
Landroid/uwb/RangingMeasurement$Builder;->setRssiDbm(I)Landroid/uwb/RangingMeasurement$Builder;,sdk,system-api,test-api
Landroid/uwb/RangingMeasurement$Builder;->setStatus(I)Landroid/uwb/RangingMeasurement$Builder;,sdk,system-api,test-api
Landroid/uwb/RangingMeasurement;->CREATOR:Landroid/os/Parcelable$Creator;,sdk,system-api,test-api
Landroid/uwb/RangingMeasurement;->LOS:I,sdk,system-api,test-api
Landroid/uwb/RangingMeasurement;->LOS_UNDETERMINED:I,sdk,system-api,test-api
Landroid/uwb/RangingMeasurement;->MEASUREMENT_FOCUS_ANGLE_OF_ARRIVAL_AZIMUTH:I,sdk,system-api,test-api
Landroid/uwb/RangingMeasurement;->MEASUREMENT_FOCUS_ANGLE_OF_ARRIVAL_ELEVATION:I,sdk,system-api,test-api
Landroid/uwb/RangingMeasurement;->MEASUREMENT_FOCUS_NONE:I,sdk,system-api,test-api
Landroid/uwb/RangingMeasurement;->MEASUREMENT_FOCUS_RANGE:I,sdk,system-api,test-api
Landroid/uwb/RangingMeasurement;->NLOS:I,sdk,system-api,test-api
Landroid/uwb/RangingMeasurement;->RANGING_STATUS_FAILURE_OUT_OF_RANGE:I,sdk,system-api,test-api
Landroid/uwb/RangingMeasurement;->RANGING_STATUS_FAILURE_UNKNOWN_ERROR:I,sdk,system-api,test-api
Landroid/uwb/RangingMeasurement;->RANGING_STATUS_SUCCESS:I,sdk,system-api,test-api
Landroid/uwb/RangingMeasurement;->RSSI_MAX:I,sdk,system-api,test-api
Landroid/uwb/RangingMeasurement;->RSSI_MIN:I,sdk,system-api,test-api
Landroid/uwb/RangingMeasurement;->RSSI_UNKNOWN:I,sdk,system-api,test-api
Landroid/uwb/RangingMeasurement;->describeContents()I,public-api,sdk,system-api,test-api
Landroid/uwb/RangingMeasurement;->equals(Ljava/lang/Object;)Z,core-platform-api,public-api,sdk,system-api,test-api
Landroid/uwb/RangingMeasurement;->getAngleOfArrivalMeasurement()Landroid/uwb/AngleOfArrivalMeasurement;,sdk,system-api,test-api
Landroid/uwb/RangingMeasurement;->getDestinationAngleOfArrivalMeasurement()Landroid/uwb/AngleOfArrivalMeasurement;,sdk,system-api,test-api
Landroid/uwb/RangingMeasurement;->getDistanceMeasurement()Landroid/uwb/DistanceMeasurement;,sdk,system-api,test-api
Landroid/uwb/RangingMeasurement;->getElapsedRealtimeNanos()J,sdk,system-api,test-api
Landroid/uwb/RangingMeasurement;->getLineOfSight()I,sdk,system-api,test-api
Landroid/uwb/RangingMeasurement;->getMeasurementFocus()I,sdk,system-api,test-api
Landroid/uwb/RangingMeasurement;->getRangingMeasurementMetadata()Landroid/os/PersistableBundle;,sdk,system-api,test-api
Landroid/uwb/RangingMeasurement;->getRemoteDeviceAddress()Landroid/uwb/UwbAddress;,sdk,system-api,test-api
Landroid/uwb/RangingMeasurement;->getRssiDbm()I,sdk,system-api,test-api
Landroid/uwb/RangingMeasurement;->getStatus()I,sdk,system-api,test-api
Landroid/uwb/RangingMeasurement;->hashCode()I,core-platform-api,public-api,sdk,system-api,test-api
Landroid/uwb/RangingMeasurement;->toString()Ljava/lang/String;,core-platform-api,public-api,sdk,system-api,test-api
Landroid/uwb/RangingMeasurement;->writeToParcel(Landroid/os/Parcel;I)V,public-api,sdk,system-api,test-api
Landroid/uwb/RangingReport$1;->createFromParcel(Landroid/os/Parcel;)Ljava/lang/Object;,public-api,sdk,system-api,test-api
Landroid/uwb/RangingReport$1;->newArray(I)[Ljava/lang/Object;,public-api,sdk,system-api,test-api
Landroid/uwb/RangingReport$Builder;-><init>()V,sdk,system-api,test-api
Landroid/uwb/RangingReport$Builder;->addMeasurement(Landroid/uwb/RangingMeasurement;)Landroid/uwb/RangingReport$Builder;,sdk,system-api,test-api
Landroid/uwb/RangingReport$Builder;->addMeasurements(Ljava/util/List;)Landroid/uwb/RangingReport$Builder;,sdk,system-api,test-api
Landroid/uwb/RangingReport$Builder;->addRangingReportMetadata(Landroid/os/PersistableBundle;)Landroid/uwb/RangingReport$Builder;,sdk,system-api,test-api
Landroid/uwb/RangingReport$Builder;->build()Landroid/uwb/RangingReport;,sdk,system-api,test-api
Landroid/uwb/RangingReport;->CREATOR:Landroid/os/Parcelable$Creator;,sdk,system-api,test-api
Landroid/uwb/RangingReport;->describeContents()I,public-api,sdk,system-api,test-api
Landroid/uwb/RangingReport;->equals(Ljava/lang/Object;)Z,core-platform-api,public-api,sdk,system-api,test-api
Landroid/uwb/RangingReport;->getMeasurements()Ljava/util/List;,sdk,system-api,test-api
Landroid/uwb/RangingReport;->getRangingReportMetadata()Landroid/os/PersistableBundle;,sdk,system-api,test-api
Landroid/uwb/RangingReport;->hashCode()I,core-platform-api,public-api,sdk,system-api,test-api
Landroid/uwb/RangingReport;->toString()Ljava/lang/String;,core-platform-api,public-api,sdk,system-api,test-api
Landroid/uwb/RangingReport;->writeToParcel(Landroid/os/Parcel;I)V,public-api,sdk,system-api,test-api
Landroid/uwb/RangingSession$$ExternalSyntheticLambda0;->run()V,core-platform-api,public-api,sdk,system-api,test-api
Landroid/uwb/RangingSession$$ExternalSyntheticLambda10;->run()V,core-platform-api,public-api,sdk,system-api,test-api
Landroid/uwb/RangingSession$$ExternalSyntheticLambda11;->run()V,core-platform-api,public-api,sdk,system-api,test-api
Landroid/uwb/RangingSession$$ExternalSyntheticLambda12;->run()V,core-platform-api,public-api,sdk,system-api,test-api
Landroid/uwb/RangingSession$$ExternalSyntheticLambda13;->run()V,core-platform-api,public-api,sdk,system-api,test-api
Landroid/uwb/RangingSession$$ExternalSyntheticLambda14;->run()V,core-platform-api,public-api,sdk,system-api,test-api
Landroid/uwb/RangingSession$$ExternalSyntheticLambda15;->run()V,core-platform-api,public-api,sdk,system-api,test-api
Landroid/uwb/RangingSession$$ExternalSyntheticLambda16;->run()V,core-platform-api,public-api,sdk,system-api,test-api
Landroid/uwb/RangingSession$$ExternalSyntheticLambda17;->run()V,core-platform-api,public-api,sdk,system-api,test-api
Landroid/uwb/RangingSession$$ExternalSyntheticLambda18;->run()V,core-platform-api,public-api,sdk,system-api,test-api
Landroid/uwb/RangingSession$$ExternalSyntheticLambda19;->run()V,core-platform-api,public-api,sdk,system-api,test-api
Landroid/uwb/RangingSession$$ExternalSyntheticLambda1;->run()V,core-platform-api,public-api,sdk,system-api,test-api
Landroid/uwb/RangingSession$$ExternalSyntheticLambda20;->run()V,core-platform-api,public-api,sdk,system-api,test-api
Landroid/uwb/RangingSession$$ExternalSyntheticLambda21;->run()V,core-platform-api,public-api,sdk,system-api,test-api
Landroid/uwb/RangingSession$$ExternalSyntheticLambda22;->run()V,core-platform-api,public-api,sdk,system-api,test-api
Landroid/uwb/RangingSession$$ExternalSyntheticLambda23;->run()V,core-platform-api,public-api,sdk,system-api,test-api
Landroid/uwb/RangingSession$$ExternalSyntheticLambda24;->run()V,core-platform-api,public-api,sdk,system-api,test-api
Landroid/uwb/RangingSession$$ExternalSyntheticLambda25;->run()V,core-platform-api,public-api,sdk,system-api,test-api
Landroid/uwb/RangingSession$$ExternalSyntheticLambda26;->run()V,core-platform-api,public-api,sdk,system-api,test-api
Landroid/uwb/RangingSession$$ExternalSyntheticLambda27;->run()V,core-platform-api,public-api,sdk,system-api,test-api
Landroid/uwb/RangingSession$$ExternalSyntheticLambda28;->run()V,core-platform-api,public-api,sdk,system-api,test-api
Landroid/uwb/RangingSession$$ExternalSyntheticLambda29;->run()V,core-platform-api,public-api,sdk,system-api,test-api
Landroid/uwb/RangingSession$$ExternalSyntheticLambda2;->run()V,core-platform-api,public-api,sdk,system-api,test-api
Landroid/uwb/RangingSession$$ExternalSyntheticLambda30;->run()V,core-platform-api,public-api,sdk,system-api,test-api
Landroid/uwb/RangingSession$$ExternalSyntheticLambda31;->run()V,core-platform-api,public-api,sdk,system-api,test-api
Landroid/uwb/RangingSession$$ExternalSyntheticLambda3;->run()V,core-platform-api,public-api,sdk,system-api,test-api
Landroid/uwb/RangingSession$$ExternalSyntheticLambda4;->run()V,core-platform-api,public-api,sdk,system-api,test-api
Landroid/uwb/RangingSession$$ExternalSyntheticLambda5;->run()V,core-platform-api,public-api,sdk,system-api,test-api
Landroid/uwb/RangingSession$$ExternalSyntheticLambda6;->run()V,core-platform-api,public-api,sdk,system-api,test-api
Landroid/uwb/RangingSession$$ExternalSyntheticLambda7;->run()V,core-platform-api,public-api,sdk,system-api,test-api
Landroid/uwb/RangingSession$$ExternalSyntheticLambda8;->run()V,core-platform-api,public-api,sdk,system-api,test-api
Landroid/uwb/RangingSession$$ExternalSyntheticLambda9;->run()V,core-platform-api,public-api,sdk,system-api,test-api
Landroid/uwb/RangingSession$Callback;->CONTROLEE_FAILURE_REASON_MAX_CONTROLEE_REACHED:I,sdk,system-api,test-api
Landroid/uwb/RangingSession$Callback;->DATA_FAILURE_REASON_DATA_SIZE_TOO_LARGE:I,sdk,system-api,test-api
Landroid/uwb/RangingSession$Callback;->REASON_BAD_PARAMETERS:I,sdk,system-api,test-api
Landroid/uwb/RangingSession$Callback;->REASON_GENERIC_ERROR:I,sdk,system-api,test-api
Landroid/uwb/RangingSession$Callback;->REASON_INBAND_SESSION_STOP:I,sdk,system-api,test-api
Landroid/uwb/RangingSession$Callback;->REASON_INSUFFICIENT_SLOTS_PER_RR:I,sdk,system-api,test-api
Landroid/uwb/RangingSession$Callback;->REASON_LOCAL_REQUEST:I,sdk,system-api,test-api
Landroid/uwb/RangingSession$Callback;->REASON_MAX_RR_RETRY_REACHED:I,sdk,system-api,test-api
Landroid/uwb/RangingSession$Callback;->REASON_MAX_SESSIONS_REACHED:I,sdk,system-api,test-api
Landroid/uwb/RangingSession$Callback;->REASON_PROTOCOL_SPECIFIC_ERROR:I,sdk,system-api,test-api
Landroid/uwb/RangingSession$Callback;->REASON_REMOTE_REQUEST:I,sdk,system-api,test-api
Landroid/uwb/RangingSession$Callback;->REASON_SERVICE_CONNECTION_FAILURE:I,sdk,system-api,test-api
Landroid/uwb/RangingSession$Callback;->REASON_SERVICE_DISCOVERY_FAILURE:I,sdk,system-api,test-api
Landroid/uwb/RangingSession$Callback;->REASON_SE_INTERACTION_FAILURE:I,sdk,system-api,test-api
Landroid/uwb/RangingSession$Callback;->REASON_SE_NOT_SUPPORTED:I,sdk,system-api,test-api
Landroid/uwb/RangingSession$Callback;->REASON_SYSTEM_POLICY:I,sdk,system-api,test-api
Landroid/uwb/RangingSession$Callback;->REASON_SYSTEM_REGULATION:I,sdk,system-api,test-api
Landroid/uwb/RangingSession$Callback;->REASON_UNKNOWN:I,sdk,system-api,test-api
Landroid/uwb/RangingSession$Callback;->onClosed(ILandroid/os/PersistableBundle;)V,sdk,system-api,test-api
Landroid/uwb/RangingSession$Callback;->onControleeAddFailed(ILandroid/os/PersistableBundle;)V,sdk,system-api,test-api
Landroid/uwb/RangingSession$Callback;->onControleeAdded(Landroid/os/PersistableBundle;)V,sdk,system-api,test-api
Landroid/uwb/RangingSession$Callback;->onControleeRemoveFailed(ILandroid/os/PersistableBundle;)V,sdk,system-api,test-api
Landroid/uwb/RangingSession$Callback;->onControleeRemoved(Landroid/os/PersistableBundle;)V,sdk,system-api,test-api
Landroid/uwb/RangingSession$Callback;->onDataReceiveFailed(Landroid/uwb/UwbAddress;ILandroid/os/PersistableBundle;)V,sdk,system-api,test-api
Landroid/uwb/RangingSession$Callback;->onDataReceived(Landroid/uwb/UwbAddress;Landroid/os/PersistableBundle;[B)V,sdk,system-api,test-api
Landroid/uwb/RangingSession$Callback;->onDataSendFailed(Landroid/uwb/UwbAddress;ILandroid/os/PersistableBundle;)V,sdk,system-api,test-api
Landroid/uwb/RangingSession$Callback;->onDataSent(Landroid/uwb/UwbAddress;Landroid/os/PersistableBundle;)V,sdk,system-api,test-api
Landroid/uwb/RangingSession$Callback;->onDataTransferPhaseConfigFailed(ILandroid/os/PersistableBundle;)V,sdk,system-api,test-api
Landroid/uwb/RangingSession$Callback;->onDataTransferPhaseConfigured(Landroid/os/PersistableBundle;)V,sdk,system-api,test-api
Landroid/uwb/RangingSession$Callback;->onHybridSessionControleeConfigurationFailed(ILandroid/os/PersistableBundle;)V,sdk,system-api,test-api
Landroid/uwb/RangingSession$Callback;->onHybridSessionControleeConfigured(Landroid/os/PersistableBundle;)V,sdk,system-api,test-api
Landroid/uwb/RangingSession$Callback;->onHybridSessionControllerConfigurationFailed(ILandroid/os/PersistableBundle;)V,sdk,system-api,test-api
Landroid/uwb/RangingSession$Callback;->onHybridSessionControllerConfigured(Landroid/os/PersistableBundle;)V,sdk,system-api,test-api
Landroid/uwb/RangingSession$Callback;->onOpenFailed(ILandroid/os/PersistableBundle;)V,sdk,system-api,test-api
Landroid/uwb/RangingSession$Callback;->onOpened(Landroid/uwb/RangingSession;)V,sdk,system-api,test-api
Landroid/uwb/RangingSession$Callback;->onPauseFailed(ILandroid/os/PersistableBundle;)V,sdk,system-api,test-api
Landroid/uwb/RangingSession$Callback;->onPaused(Landroid/os/PersistableBundle;)V,sdk,system-api,test-api
Landroid/uwb/RangingSession$Callback;->onRangingRoundsUpdateDtTagStatus(Landroid/os/PersistableBundle;)V,sdk,system-api,test-api
Landroid/uwb/RangingSession$Callback;->onReconfigureFailed(ILandroid/os/PersistableBundle;)V,sdk,system-api,test-api
Landroid/uwb/RangingSession$Callback;->onReconfigured(Landroid/os/PersistableBundle;)V,sdk,system-api,test-api
Landroid/uwb/RangingSession$Callback;->onReportReceived(Landroid/uwb/RangingReport;)V,sdk,system-api,test-api
Landroid/uwb/RangingSession$Callback;->onResumeFailed(ILandroid/os/PersistableBundle;)V,sdk,system-api,test-api
Landroid/uwb/RangingSession$Callback;->onResumed(Landroid/os/PersistableBundle;)V,sdk,system-api,test-api
Landroid/uwb/RangingSession$Callback;->onServiceConnected(Landroid/os/PersistableBundle;)V,sdk,system-api,test-api
Landroid/uwb/RangingSession$Callback;->onServiceDiscovered(Landroid/os/PersistableBundle;)V,sdk,system-api,test-api
Landroid/uwb/RangingSession$Callback;->onStartFailed(ILandroid/os/PersistableBundle;)V,sdk,system-api,test-api
Landroid/uwb/RangingSession$Callback;->onStarted(Landroid/os/PersistableBundle;)V,sdk,system-api,test-api
Landroid/uwb/RangingSession$Callback;->onStopFailed(ILandroid/os/PersistableBundle;)V,sdk,system-api,test-api
Landroid/uwb/RangingSession$Callback;->onStopped(ILandroid/os/PersistableBundle;)V,sdk,system-api,test-api
Landroid/uwb/RangingSession;->addControlee(Landroid/os/PersistableBundle;)V,sdk,system-api,test-api
Landroid/uwb/RangingSession;->close()V,core-platform-api,public-api,sdk,system-api,test-api
Landroid/uwb/RangingSession;->pause(Landroid/os/PersistableBundle;)V,sdk,system-api,test-api
Landroid/uwb/RangingSession;->queryMaxDataSizeBytes()I,sdk,system-api,test-api
Landroid/uwb/RangingSession;->reconfigure(Landroid/os/PersistableBundle;)V,sdk,system-api,test-api
Landroid/uwb/RangingSession;->removeControlee(Landroid/os/PersistableBundle;)V,sdk,system-api,test-api
Landroid/uwb/RangingSession;->resume(Landroid/os/PersistableBundle;)V,sdk,system-api,test-api
Landroid/uwb/RangingSession;->sendData(Landroid/uwb/UwbAddress;Landroid/os/PersistableBundle;[B)V,sdk,system-api,test-api
Landroid/uwb/RangingSession;->setDataTransferPhaseConfig(Landroid/os/PersistableBundle;)V,sdk,system-api,test-api
Landroid/uwb/RangingSession;->setHybridSessionControleeConfiguration(Landroid/os/PersistableBundle;)V,sdk,system-api,test-api
Landroid/uwb/RangingSession;->setHybridSessionControllerConfiguration(Landroid/os/PersistableBundle;)V,sdk,system-api,test-api
Landroid/uwb/RangingSession;->start(Landroid/os/PersistableBundle;)V,sdk,system-api,test-api
Landroid/uwb/RangingSession;->stop()V,sdk,system-api,test-api
Landroid/uwb/RangingSession;->updatePose(Landroid/os/PersistableBundle;)V,sdk,system-api,test-api
Landroid/uwb/RangingSession;->updateRangingRoundsDtTag(Landroid/os/PersistableBundle;)V,sdk,system-api,test-api
Landroid/uwb/SessionHandle$1;->createFromParcel(Landroid/os/Parcel;)Ljava/lang/Object;,public-api,sdk,system-api,test-api
Landroid/uwb/SessionHandle$1;->newArray(I)[Ljava/lang/Object;,public-api,sdk,system-api,test-api
Landroid/uwb/SessionHandle;->describeContents()I,public-api,sdk,system-api,test-api
Landroid/uwb/SessionHandle;->equals(Ljava/lang/Object;)Z,core-platform-api,public-api,sdk,system-api,test-api
Landroid/uwb/SessionHandle;->hashCode()I,core-platform-api,public-api,sdk,system-api,test-api
Landroid/uwb/SessionHandle;->toString()Ljava/lang/String;,core-platform-api,public-api,sdk,system-api,test-api
Landroid/uwb/SessionHandle;->writeToParcel(Landroid/os/Parcel;I)V,public-api,sdk,system-api,test-api
Landroid/uwb/UwbActivityEnergyInfo$1;->createFromParcel(Landroid/os/Parcel;)Ljava/lang/Object;,public-api,sdk,system-api,test-api
Landroid/uwb/UwbActivityEnergyInfo$1;->newArray(I)[Ljava/lang/Object;,public-api,sdk,system-api,test-api
Landroid/uwb/UwbActivityEnergyInfo$Builder;-><init>()V,sdk,system-api,test-api
Landroid/uwb/UwbActivityEnergyInfo$Builder;->build()Landroid/uwb/UwbActivityEnergyInfo;,sdk,system-api,test-api
Landroid/uwb/UwbActivityEnergyInfo$Builder;->setControllerIdleDurationMillis(J)Landroid/uwb/UwbActivityEnergyInfo$Builder;,sdk,system-api,test-api
Landroid/uwb/UwbActivityEnergyInfo$Builder;->setControllerRxDurationMillis(J)Landroid/uwb/UwbActivityEnergyInfo$Builder;,sdk,system-api,test-api
Landroid/uwb/UwbActivityEnergyInfo$Builder;->setControllerTxDurationMillis(J)Landroid/uwb/UwbActivityEnergyInfo$Builder;,sdk,system-api,test-api
Landroid/uwb/UwbActivityEnergyInfo$Builder;->setControllerWakeCount(J)Landroid/uwb/UwbActivityEnergyInfo$Builder;,sdk,system-api,test-api
Landroid/uwb/UwbActivityEnergyInfo$Builder;->setStackState(I)Landroid/uwb/UwbActivityEnergyInfo$Builder;,sdk,system-api,test-api
Landroid/uwb/UwbActivityEnergyInfo$Builder;->setTimeSinceBootMillis(J)Landroid/uwb/UwbActivityEnergyInfo$Builder;,sdk,system-api,test-api
Landroid/uwb/UwbActivityEnergyInfo;->CREATOR:Landroid/os/Parcelable$Creator;,sdk,system-api,test-api
Landroid/uwb/UwbActivityEnergyInfo;->describeContents()I,public-api,sdk,system-api,test-api
Landroid/uwb/UwbActivityEnergyInfo;->equals(Ljava/lang/Object;)Z,core-platform-api,public-api,sdk,system-api,test-api
Landroid/uwb/UwbActivityEnergyInfo;->getControllerIdleDurationMillis()J,sdk,system-api,test-api
Landroid/uwb/UwbActivityEnergyInfo;->getControllerRxDurationMillis()J,sdk,system-api,test-api
Landroid/uwb/UwbActivityEnergyInfo;->getControllerTxDurationMillis()J,sdk,system-api,test-api
Landroid/uwb/UwbActivityEnergyInfo;->getControllerWakeCount()J,sdk,system-api,test-api
Landroid/uwb/UwbActivityEnergyInfo;->getStackState()I,sdk,system-api,test-api
Landroid/uwb/UwbActivityEnergyInfo;->getTimeSinceBootMillis()J,sdk,system-api,test-api
Landroid/uwb/UwbActivityEnergyInfo;->hashCode()I,core-platform-api,public-api,sdk,system-api,test-api
Landroid/uwb/UwbActivityEnergyInfo;->toString()Ljava/lang/String;,core-platform-api,public-api,sdk,system-api,test-api
Landroid/uwb/UwbActivityEnergyInfo;->writeToParcel(Landroid/os/Parcel;I)V,public-api,sdk,system-api,test-api
Landroid/uwb/UwbAddress$1;->createFromParcel(Landroid/os/Parcel;)Ljava/lang/Object;,public-api,sdk,system-api,test-api
Landroid/uwb/UwbAddress$1;->newArray(I)[Ljava/lang/Object;,public-api,sdk,system-api,test-api
Landroid/uwb/UwbAddress;->CREATOR:Landroid/os/Parcelable$Creator;,sdk,system-api,test-api
Landroid/uwb/UwbAddress;->EXTENDED_ADDRESS_BYTE_LENGTH:I,sdk,system-api,test-api
Landroid/uwb/UwbAddress;->SHORT_ADDRESS_BYTE_LENGTH:I,sdk,system-api,test-api
Landroid/uwb/UwbAddress;->describeContents()I,public-api,sdk,system-api,test-api
Landroid/uwb/UwbAddress;->equals(Ljava/lang/Object;)Z,core-platform-api,public-api,sdk,system-api,test-api
Landroid/uwb/UwbAddress;->fromBytes([B)Landroid/uwb/UwbAddress;,sdk,system-api,test-api
Landroid/uwb/UwbAddress;->hashCode()I,core-platform-api,public-api,sdk,system-api,test-api
Landroid/uwb/UwbAddress;->size()I,sdk,system-api,test-api
Landroid/uwb/UwbAddress;->toBytes()[B,sdk,system-api,test-api
Landroid/uwb/UwbAddress;->toString()Ljava/lang/String;,core-platform-api,public-api,sdk,system-api,test-api
Landroid/uwb/UwbAddress;->writeToParcel(Landroid/os/Parcel;I)V,public-api,sdk,system-api,test-api
Landroid/uwb/UwbFrameworkInitializer$$ExternalSyntheticLambda0;->createService(Landroid/content/Context;Landroid/os/IBinder;)Ljava/lang/Object;,sdk,system-api,test-api
Landroid/uwb/UwbManager$AdapterStateCallback;->STATE_CHANGED_REASON_ALL_SESSIONS_CLOSED:I,sdk,system-api,test-api
Landroid/uwb/UwbManager$AdapterStateCallback;->STATE_CHANGED_REASON_ERROR_UNKNOWN:I,sdk,system-api,test-api
Landroid/uwb/UwbManager$AdapterStateCallback;->STATE_CHANGED_REASON_SESSION_STARTED:I,sdk,system-api,test-api
Landroid/uwb/UwbManager$AdapterStateCallback;->STATE_CHANGED_REASON_SYSTEM_BOOT:I,sdk,system-api,test-api
Landroid/uwb/UwbManager$AdapterStateCallback;->STATE_CHANGED_REASON_SYSTEM_POLICY:I,sdk,system-api,test-api
Landroid/uwb/UwbManager$AdapterStateCallback;->STATE_CHANGED_REASON_SYSTEM_REGULATION:I,sdk,system-api,test-api
Landroid/uwb/UwbManager$AdapterStateCallback;->STATE_DISABLED:I,sdk,system-api,test-api
Landroid/uwb/UwbManager$AdapterStateCallback;->STATE_ENABLED_ACTIVE:I,sdk,system-api,test-api
Landroid/uwb/UwbManager$AdapterStateCallback;->STATE_ENABLED_HW_IDLE:I,sdk,system-api,test-api
Landroid/uwb/UwbManager$AdapterStateCallback;->STATE_ENABLED_INACTIVE:I,sdk,system-api,test-api
Landroid/uwb/UwbManager$AdapterStateCallback;->onStateChanged(II)V,sdk,system-api,test-api
Landroid/uwb/UwbManager$AdfProvisionStateCallback$AdfProvisionStateCallbackProxy$$ExternalSyntheticLambda0;->run()V,core-platform-api,public-api,sdk,system-api,test-api
Landroid/uwb/UwbManager$AdfProvisionStateCallback$AdfProvisionStateCallbackProxy$$ExternalSyntheticLambda1;->run()V,core-platform-api,public-api,sdk,system-api,test-api
Landroid/uwb/UwbManager$AdfProvisionStateCallback;-><init>()V,sdk,system-api,test-api
Landroid/uwb/UwbManager$AdfProvisionStateCallback;->REASON_INVALID_OID:I,sdk,system-api,test-api
Landroid/uwb/UwbManager$AdfProvisionStateCallback;->REASON_SE_FAILURE:I,sdk,system-api,test-api
Landroid/uwb/UwbManager$AdfProvisionStateCallback;->REASON_UNKNOWN:I,sdk,system-api,test-api
Landroid/uwb/UwbManager$AdfProvisionStateCallback;->onProfileAdfsProvisionFailed(ILandroid/os/PersistableBundle;)V,sdk,system-api,test-api
Landroid/uwb/UwbManager$AdfProvisionStateCallback;->onProfileAdfsProvisioned(Landroid/os/PersistableBundle;)V,sdk,system-api,test-api
Landroid/uwb/UwbManager$OnUwbActivityEnergyInfoProxy$$ExternalSyntheticLambda0;->run()V,core-platform-api,public-api,sdk,system-api,test-api
Landroid/uwb/UwbManager$UwbOemExtensionCallback;->onCheckPointedTarget(Landroid/os/PersistableBundle;)Z,sdk,system-api,test-api
Landroid/uwb/UwbManager$UwbOemExtensionCallback;->onDeviceStatusNotificationReceived(Landroid/os/PersistableBundle;)V,sdk,system-api,test-api
Landroid/uwb/UwbManager$UwbOemExtensionCallback;->onRangingReportReceived(Landroid/uwb/RangingReport;)Landroid/uwb/RangingReport;,sdk,system-api,test-api
Landroid/uwb/UwbManager$UwbOemExtensionCallback;->onSessionConfigurationComplete(Landroid/os/PersistableBundle;)I,sdk,system-api,test-api
Landroid/uwb/UwbManager$UwbOemExtensionCallback;->onSessionStatusNotificationReceived(Landroid/os/PersistableBundle;)V,sdk,system-api,test-api
Landroid/uwb/UwbManager$UwbVendorUciCallback;->onVendorUciNotification(II[B)V,sdk,system-api,test-api
Landroid/uwb/UwbManager$UwbVendorUciCallback;->onVendorUciResponse(II[B)V,sdk,system-api,test-api
Landroid/uwb/UwbManager;->MESSAGE_TYPE_COMMAND:I,sdk,system-api,test-api
Landroid/uwb/UwbManager;->MESSAGE_TYPE_TEST_1:I,sdk,system-api,test-api
Landroid/uwb/UwbManager;->MESSAGE_TYPE_TEST_2:I,sdk,system-api,test-api
Landroid/uwb/UwbManager;->REMOVE_PROFILE_ADF_ERROR_INTERNAL:I,sdk,system-api,test-api
Landroid/uwb/UwbManager;->REMOVE_PROFILE_ADF_ERROR_UNKNOWN_SERVICE:I,sdk,system-api,test-api
Landroid/uwb/UwbManager;->REMOVE_PROFILE_ADF_SUCCESS:I,sdk,system-api,test-api
Landroid/uwb/UwbManager;->REMOVE_SERVICE_PROFILE_ERROR_INTERNAL:I,sdk,system-api,test-api
Landroid/uwb/UwbManager;->REMOVE_SERVICE_PROFILE_ERROR_UNKNOWN_SERVICE:I,sdk,system-api,test-api
Landroid/uwb/UwbManager;->REMOVE_SERVICE_PROFILE_SUCCESS:I,sdk,system-api,test-api
Landroid/uwb/UwbManager;->SEND_VENDOR_UCI_ERROR_HW:I,sdk,system-api,test-api
Landroid/uwb/UwbManager;->SEND_VENDOR_UCI_ERROR_INVALID_ARGS:I,sdk,system-api,test-api
Landroid/uwb/UwbManager;->SEND_VENDOR_UCI_ERROR_INVALID_GID:I,sdk,system-api,test-api
Landroid/uwb/UwbManager;->SEND_VENDOR_UCI_ERROR_OFF:I,sdk,system-api,test-api
Landroid/uwb/UwbManager;->SEND_VENDOR_UCI_SUCCESS:I,sdk,system-api,test-api
Landroid/uwb/UwbManager;->addServiceProfile(Landroid/os/PersistableBundle;)Landroid/os/PersistableBundle;,sdk,system-api,test-api
Landroid/uwb/UwbManager;->elapsedRealtimeResolutionNanos()J,sdk,system-api,test-api
Landroid/uwb/UwbManager;->elapsedRealtimeResolutionNanos(Ljava/lang/String;)J,sdk,system-api,test-api
Landroid/uwb/UwbManager;->getAdapterState()I,sdk,system-api,test-api
Landroid/uwb/UwbManager;->getAdfCertificateInfo(Landroid/os/PersistableBundle;)Landroid/os/PersistableBundle;,sdk,system-api,test-api
Landroid/uwb/UwbManager;->getAdfProvisioningAuthorities(Landroid/os/PersistableBundle;)Landroid/os/PersistableBundle;,sdk,system-api,test-api
Landroid/uwb/UwbManager;->getAllServiceProfiles()Landroid/os/PersistableBundle;,sdk,system-api,test-api
Landroid/uwb/UwbManager;->getChipInfos()Ljava/util/List;,sdk,system-api,test-api
Landroid/uwb/UwbManager;->getDefaultChipId()Ljava/lang/String;,sdk,system-api,test-api
Landroid/uwb/UwbManager;->getSpecificationInfo()Landroid/os/PersistableBundle;,sdk,system-api,test-api
Landroid/uwb/UwbManager;->getSpecificationInfo(Ljava/lang/String;)Landroid/os/PersistableBundle;,sdk,system-api,test-api
Landroid/uwb/UwbManager;->getUwbActivityEnergyInfoAsync(Ljava/util/concurrent/Executor;Ljava/util/function/Consumer;)V,sdk,system-api,test-api
Landroid/uwb/UwbManager;->isUwbEnabled()Z,sdk,system-api,test-api
Landroid/uwb/UwbManager;->isUwbHwEnableRequested()Z,sdk,system-api,test-api
Landroid/uwb/UwbManager;->isUwbHwIdleTurnOffEnabled()Z,sdk,system-api,test-api
Landroid/uwb/UwbManager;->openRangingSession(Landroid/os/PersistableBundle;Ljava/util/concurrent/Executor;Landroid/uwb/RangingSession$Callback;)Landroid/os/CancellationSignal;,sdk,system-api,test-api
Landroid/uwb/UwbManager;->openRangingSession(Landroid/os/PersistableBundle;Ljava/util/concurrent/Executor;Landroid/uwb/RangingSession$Callback;Ljava/lang/String;)Landroid/os/CancellationSignal;,sdk,system-api,test-api
Landroid/uwb/UwbManager;->provisionProfileAdfByScript(Landroid/os/PersistableBundle;Ljava/util/concurrent/Executor;Landroid/uwb/UwbManager$AdfProvisionStateCallback;)V,sdk,system-api,test-api
Landroid/uwb/UwbManager;->queryUwbsTimestampMicros()J,sdk,system-api,test-api
Landroid/uwb/UwbManager;->registerAdapterStateCallback(Ljava/util/concurrent/Executor;Landroid/uwb/UwbManager$AdapterStateCallback;)V,sdk,system-api,test-api
Landroid/uwb/UwbManager;->registerUwbOemExtensionCallback(Ljava/util/concurrent/Executor;Landroid/uwb/UwbManager$UwbOemExtensionCallback;)V,sdk,system-api,test-api
Landroid/uwb/UwbManager;->registerUwbVendorUciCallback(Ljava/util/concurrent/Executor;Landroid/uwb/UwbManager$UwbVendorUciCallback;)V,sdk,system-api,test-api
Landroid/uwb/UwbManager;->removeProfileAdf(Landroid/os/PersistableBundle;)I,sdk,system-api,test-api
Landroid/uwb/UwbManager;->removeServiceProfile(Landroid/os/PersistableBundle;)I,sdk,system-api,test-api
Landroid/uwb/UwbManager;->requestUwbHwEnabled(Z)V,sdk,system-api,test-api
Landroid/uwb/UwbManager;->sendVendorUciMessage(III[B)I,sdk,system-api,test-api
Landroid/uwb/UwbManager;->sendVendorUciMessage(II[B)I,sdk,system-api,test-api
Landroid/uwb/UwbManager;->setUwbEnabled(Z)V,sdk,system-api,test-api
Landroid/uwb/UwbManager;->unregisterAdapterStateCallback(Landroid/uwb/UwbManager$AdapterStateCallback;)V,sdk,system-api,test-api
Landroid/uwb/UwbManager;->unregisterUwbOemExtensionCallback(Landroid/uwb/UwbManager$UwbOemExtensionCallback;)V,sdk,system-api,test-api
Landroid/uwb/UwbManager;->unregisterUwbVendorUciCallback(Landroid/uwb/UwbManager$UwbVendorUciCallback;)V,sdk,system-api,test-api
Landroid/uwb/UwbOemExtensionCallbackListener$$ExternalSyntheticLambda0;->run()V,core-platform-api,public-api,sdk,system-api,test-api
Landroid/uwb/UwbOemExtensionCallbackListener$$ExternalSyntheticLambda1;->call()Ljava/lang/Object;,core-platform-api,public-api,sdk,system-api,test-api
Landroid/uwb/UwbOemExtensionCallbackListener$$ExternalSyntheticLambda2;->call()Ljava/lang/Object;,core-platform-api,public-api,sdk,system-api,test-api
Landroid/uwb/UwbOemExtensionCallbackListener$$ExternalSyntheticLambda3;->call()Ljava/lang/Object;,core-platform-api,public-api,sdk,system-api,test-api
Landroid/uwb/UwbOemExtensionCallbackListener$$ExternalSyntheticLambda4;->run()V,core-platform-api,public-api,sdk,system-api,test-api
Landroid/uwb/UwbVendorUciCallbackListener$$ExternalSyntheticLambda0;->run()V,core-platform-api,public-api,sdk,system-api,test-api
Landroid/uwb/UwbVendorUciCallbackListener$$ExternalSyntheticLambda1;->run()V,core-platform-api,public-api,sdk,system-api,test-api
Lcom/android/x/ranging/com/android/ranging/flags/CustomFeatureFlags$$ExternalSyntheticLambda0;->test(Ljava/lang/Object;)Z,core-platform-api,public-api,sdk,system-api,test-api
Lcom/android/x/ranging/com/android/ranging/flags/CustomFeatureFlags$$ExternalSyntheticLambda1;->test(Ljava/lang/Object;)Z,core-platform-api,public-api,sdk,system-api,test-api
Lcom/android/x/ranging/com/android/ranging/flags/CustomFeatureFlags$$ExternalSyntheticLambda2;->test(Ljava/lang/Object;)Z,core-platform-api,public-api,sdk,system-api,test-api
Lcom/android/x/ranging/com/android/ranging/flags/CustomFeatureFlags$$ExternalSyntheticLambda3;->test(Ljava/lang/Object;)Z,core-platform-api,public-api,sdk,system-api,test-api
Lcom/android/x/uwb/com/android/uwb/flags/CustomFeatureFlags$$ExternalSyntheticLambda0;->test(Ljava/lang/Object;)Z,core-platform-api,public-api,sdk,system-api,test-api
Lcom/android/x/uwb/com/android/uwb/flags/CustomFeatureFlags$$ExternalSyntheticLambda1;->test(Ljava/lang/Object;)Z,core-platform-api,public-api,sdk,system-api,test-api
Lcom/android/x/uwb/com/android/uwb/flags/CustomFeatureFlags$$ExternalSyntheticLambda2;->test(Ljava/lang/Object;)Z,core-platform-api,public-api,sdk,system-api,test-api
Lcom/android/x/uwb/com/android/uwb/flags/CustomFeatureFlags$$ExternalSyntheticLambda3;->test(Ljava/lang/Object;)Z,core-platform-api,public-api,sdk,system-api,test-api
Lcom/android/x/uwb/com/android/uwb/flags/CustomFeatureFlags$$ExternalSyntheticLambda4;->test(Ljava/lang/Object;)Z,core-platform-api,public-api,sdk,system-api,test-api
Lcom/android/x/uwb/com/android/uwb/flags/CustomFeatureFlags$$ExternalSyntheticLambda5;->test(Ljava/lang/Object;)Z,core-platform-api,public-api,sdk,system-api,test-api
Lcom/android/x/uwb/com/android/uwb/flags/CustomFeatureFlags$$ExternalSyntheticLambda6;->test(Ljava/lang/Object;)Z,core-platform-api,public-api,sdk,system-api,test-api
Lcom/android/x/uwb/com/android/uwb/flags/CustomFeatureFlags$$ExternalSyntheticLambda7;->test(Ljava/lang/Object;)Z,core-platform-api,public-api,sdk,system-api,test-api
Lcom/android/x/uwb/com/android/uwb/flags/CustomFeatureFlags$$ExternalSyntheticLambda8;->test(Ljava/lang/Object;)Z,core-platform-api,public-api,sdk,system-api,test-api
Lcom/android/x/uwb/com/android/uwb/flags/CustomFeatureFlags$$ExternalSyntheticLambda9;->test(Ljava/lang/Object;)Z,core-platform-api,public-api,sdk,system-api,test-api
